Team,Country,Team_ID,URL,Slug,Depth,Data_Acesso
ASO Chlef,Algeria,w706,https://www.soccer-rating.com/ASO-Chlef/w706/,ASO-Chlef,0,2026-07-23
CR Belouizdad,Algeria,w739,https://www.soccer-rating.com/CR-Belouizdad/w739/,CR-Belouizdad,0,2026-07-23
CS Constantine,Algeria,w2376,https://www.soccer-rating.com/CS-Constantine/w2376/,CS-Constantine,0,2026-07-23
ES Ben Aknoun,Algeria,w7124,https://www.soccer-rating.com/ES-Ben-Aknoun/w7124/,ES-Ben-Aknoun,0,2026-07-23
ES Mostaganem,Algeria,w2466,https://www.soccer-rating.com/ES-Mostaganem/w2466/,ES-Mostaganem,0,2026-07-23
ES Setif,Algeria,w777,https://www.soccer-rating.com/ES-Setif/w777/,ES-Setif,0,2026-07-23
JS Kabylie,Algeria,w778,https://www.soccer-rating.com/JS-Kabylie/w778/,JS-Kabylie,0,2026-07-23
JS Saoura,Algeria,w2479,https://www.soccer-rating.com/JS-Saoura/w2479/,JS-Saoura,0,2026-07-23
MB Rouisset,Algeria,w5894,https://www.soccer-rating.com/MB-Rouisset/w5894/,MB-Rouisset,0,2026-07-23
MC Alger,Algeria,w779,https://www.soccer-rating.com/MC-Alger/w779/,MC-Alger,0,2026-07-23
MC El Bayadh,Algeria,w7141,https://www.soccer-rating.com/MC-El-Bayadh/w7141/,MC-El-Bayadh,0,2026-07-23
MC Oran,Algeria,w713,https://www.soccer-rating.com/MC-Oran/w713/,MC-Oran,0,2026-07-23
Olympique Akbou,Algeria,w9591,https://www.soccer-rating.com/Olympique-Akbou/w9591/,Olympique-Akbou,0,2026-07-23
Paradou AC,Algeria,w2465,https://www.soccer-rating.com/Paradou-AC/w2465/,Paradou-AC,0,2026-07-23
USM Alger,Algeria,w800,https://www.soccer-rating.com/USM-Alger/w800/,USM-Alger,0,2026-07-23
USM Khenchela,Algeria,w5900,https://www.soccer-rating.com/USM-Khenchela/w5900/,USM-Khenchela,0,2026-07-23
Argentinos Juniors,Argentina,w16,https://www.soccer-rating.com/Argentinos-Juniors/w16/,Argentinos-Juniors,0,2026-07-23
Atletico Lanus,Argentina,w12,https://www.soccer-rating.com/Atletico-Lanus/w12/,Atletico-Lanus,0,2026-07-23
Atletico Tucuman,Argentina,w231,https://www.soccer-rating.com/Atletico-Tucuman/w231/,Atletico-Tucuman,0,2026-07-23
Barracas Central,Argentina,w2614,https://www.soccer-rating.com/Barracas-Central/w2614/,Barracas-Central,0,2026-07-23
Boca Juniors,Argentina,w6,https://www.soccer-rating.com/Boca-Juniors/w6/,Boca-Juniors,0,2026-07-23
CA Aldosivi,Argentina,w44,https://www.soccer-rating.com/CA-Aldosivi/w44/,CA-Aldosivi,0,2026-07-23
CA Banfield,Argentina,w9,https://www.soccer-rating.com/CA-Banfield/w9/,CA-Banfield,0,2026-07-23
CA Belgrano,Argentina,w49,https://www.soccer-rating.com/CA-Belgrano/w49/,CA-Belgrano,0,2026-07-23
CA Huracan,Argentina,w230,https://www.soccer-rating.com/CA-Huracan/w230/,CA-Huracan,0,2026-07-23
CA Independiente,Argentina,w232,https://www.soccer-rating.com/CA-Independiente/w232/,CA-Independiente,0,2026-07-23
CA Platense,Argentina,w43,https://www.soccer-rating.com/CA-Platense/w43/,CA-Platense,0,2026-07-23
CA Tigre,Argentina,w7,https://www.soccer-rating.com/CA-Tigre/w7/,CA-Tigre,0,2026-07-23
CA Union Santa Fe,Argentina,w123,https://www.soccer-rating.com/CA-Union-Santa-Fe/w123/,CA-Union-Santa-Fe,0,2026-07-23
CSD Defensa y Justicia,Argentina,w47,https://www.soccer-rating.com/CSD-Defensa-y-Justicia/w47/,CSD-Defensa-y-Justicia,0,2026-07-23
Central Cordoba,Argentina,w2454,https://www.soccer-rating.com/Central-Cordoba/w2454/,Central-Cordoba,0,2026-07-23
Club Atletico Sarmiento,Argentina,w2708,https://www.soccer-rating.com/Club-Atletico-Sarmiento/w2708/,Club-Atletico-Sarmiento,0,2026-07-23
Deportivo Riestra,Argentina,w2458,https://www.soccer-rating.com/Deportivo-Riestra/w2458/,Deportivo-Riestra,0,2026-07-23
Estudiantes La Plata,Argentina,w4,https://www.soccer-rating.com/Estudiantes-La-Plata/w4/,Estudiantes-La-Plata,0,2026-07-23
Estudiantes Rio Cuarto,Argentina,w6169,https://www.soccer-rating.com/Estudiantes-Rio-Cuarto/w6169/,Estudiantes-Rio-Cuarto,0,2026-07-23
Gimnasia La Plata,Argentina,w15,https://www.soccer-rating.com/Gimnasia-La-Plata/w15/,Gimnasia-La-Plata,0,2026-07-23
Gimnasia Mendoza,Argentina,w4386,https://www.soccer-rating.com/Gimnasia-Mendoza/w4386/,Gimnasia-Mendoza,0,2026-07-23
Independiente Rivadavia,Argentina,w125,https://www.soccer-rating.com/Independiente-Rivadavia/w125/,Independiente-Rivadavia,0,2026-07-23
Instituto AC Cordoba,Argentina,w48,https://www.soccer-rating.com/Instituto-AC-Cordoba/w48/,Instituto-AC-Cordoba,0,2026-07-23
Newell`s Old Boys,Argentina,w14,https://www.soccer-rating.com/Newells-Old-Boys/w14/,Newells-Old-Boys,0,2026-07-23
Racing Club,Argentina,w10,https://www.soccer-rating.com/Racing-Club/w10/,Racing-Club,0,2026-07-23
River Plate,Argentina,w3,https://www.soccer-rating.com/River-Plate/w3/,River-Plate,0,2026-07-23
Rosario Central,Argentina,w229,https://www.soccer-rating.com/Rosario-Central/w229/,Rosario-Central,0,2026-07-23
San Lorenzo,Argentina,w5,https://www.soccer-rating.com/San-Lorenzo/w5/,San-Lorenzo,0,2026-07-23
Talleres Cordoba,Argentina,w2432,https://www.soccer-rating.com/Talleres-Cordoba/w2432/,Talleres-Cordoba,0,2026-07-23
Velez Sarsfield,Argentina,w8,https://www.soccer-rating.com/Velez-Sarsfield/w8/,Velez-Sarsfield,0,2026-07-23
Adelaide United,Australia,w28,https://www.soccer-rating.com/Adelaide-United/w28/,Adelaide-United,0,2026-07-23
Altona Magic,Australia,w948,https://www.soccer-rating.com/Altona-Magic/w948/,Altona-Magic,0,2026-07-23
Auckland FC,Australia,w16623,https://www.soccer-rating.com/Auckland-FC/w16623/,Auckland-FC,0,2026-07-23
Avondale Heights,Australia,w4399,https://www.soccer-rating.com/Avondale-Heights/w4399/,Avondale-Heights,0,2026-07-23
Bentleigh Greens,Australia,w953,https://www.soccer-rating.com/Bentleigh-Greens/w953/,Bentleigh-Greens,0,2026-07-23
Brisbane Roar,Australia,w81,https://www.soccer-rating.com/Brisbane-Roar/w81/,Brisbane-Roar,0,2026-07-23
Caroline Springs George Cross FC,Australia,w920,https://www.soccer-rating.com/Caroline-Springs-George-Cross-FC/w920/,Caroline-Springs-George-Cross-FC,0,2026-07-23
Central Coast Mariners,Australia,w225,https://www.soccer-rating.com/Central-Coast-Mariners/w225/,Central-Coast-Mariners,0,2026-07-23
Dandenong City,Australia,w5276,https://www.soccer-rating.com/Dandenong-City/w5276/,Dandenong-City,0,2026-07-23
Dandenong Thunder,Australia,w943,https://www.soccer-rating.com/Dandenong-Thunder/w943/,Dandenong-Thunder,0,2026-07-23
Green Gully SC,Australia,w951,https://www.soccer-rating.com/Green-Gully-SC/w951/,Green-Gully-SC,0,2026-07-23
Heidelberg United,Australia,w923,https://www.soccer-rating.com/Heidelberg-United/w923/,Heidelberg-United,0,2026-07-23
Hume City,Australia,w924,https://www.soccer-rating.com/Hume-City/w924/,Hume-City,0,2026-07-23
Macarthur FC,Australia,w10487,https://www.soccer-rating.com/Macarthur-FC/w10487/,Macarthur-FC,0,2026-07-23
Melbourne City,Australia,w1526,https://www.soccer-rating.com/Melbourne-City/w1526/,Melbourne-City,0,2026-07-23
Melbourne City U21,Australia,w3166,https://www.soccer-rating.com/Melbourne-City-U21/w3166/,Melbourne-City-U21,0,2026-07-23
Melbourne Victory,Australia,w21,https://www.soccer-rating.com/Melbourne-Victory/w21/,Melbourne-Victory,0,2026-07-23
Newcastle Jets,Australia,w72,https://www.soccer-rating.com/Newcastle-Jets/w72/,Newcastle-Jets,0,2026-07-23
Oakleigh Cannons,Australia,w942,https://www.soccer-rating.com/Oakleigh-Cannons/w942/,Oakleigh-Cannons,0,2026-07-23
Perth Glory,Australia,w226,https://www.soccer-rating.com/Perth-Glory/w226/,Perth-Glory,0,2026-07-23
Preston Lions,Australia,w6481,https://www.soccer-rating.com/Preston-Lions/w6481/,Preston-Lions,0,2026-07-23
South Melbourne,Australia,w950,https://www.soccer-rating.com/South-Melbourne/w950/,South-Melbourne,0,2026-07-23
St. Albans Saints,Australia,w1950,https://www.soccer-rating.com/St-Albans-Saints/w1950/,St-Albans-Saints,0,2026-07-23
Sydney FC,Australia,w71,https://www.soccer-rating.com/Sydney-FC/w71/,Sydney-FC,0,2026-07-23
Wellington Phoenix,Australia,w82,https://www.soccer-rating.com/Wellington-Phoenix/w82/,Wellington-Phoenix,0,2026-07-23
Western Sydney Wanderers,Australia,w3037,https://www.soccer-rating.com/Western-Sydney-Wanderers/w3037/,Western-Sydney-Wanderers,0,2026-07-23
Cercle Brügge,Belgium,916,https://www.soccer-rating.com/Cercle-Bruegge/916/,Cercle-Bruegge,0,2026-07-23
FC Brügge,Belgium,905,https://www.soccer-rating.com/FC-Bruegge/905/,FC-Bruegge,0,2026-07-23
FCV Dender EH,Belgium,909,https://www.soccer-rating.com/FCV-Dender-EH/909/,FCV-Dender-EH,0,2026-07-23
KAA Gent,Belgium,641,https://www.soccer-rating.com/KAA-Gent/641/,KAA-Gent,0,2026-07-23
KRC Genk,Belgium,915,https://www.soccer-rating.com/KRC-Genk/915/,KRC-Genk,0,2026-07-23
KV Mechelen,Belgium,913,https://www.soccer-rating.com/KV-Mechelen/913/,KV-Mechelen,0,2026-07-23
KVC Westerlo,Belgium,908,https://www.soccer-rating.com/KVC-Westerlo/908/,KVC-Westerlo,0,2026-07-23
Oud Heverlee Leuven,Belgium,1520,https://www.soccer-rating.com/Oud-Heverlee-Leuven/1520/,Oud-Heverlee-Leuven,0,2026-07-23
RSC Anderlecht,Belgium,914,https://www.soccer-rating.com/RSC-Anderlecht/914/,RSC-Anderlecht,0,2026-07-23
Raal La Louviere,Belgium,16440,https://www.soccer-rating.com/Raal-La-Louviere/16440/,Raal-La-Louviere,0,2026-07-23
Royal Antwerp,Belgium,1518,https://www.soccer-rating.com/Royal-Antwerp/1518/,Royal-Antwerp,0,2026-07-23
SC Charleroi,Belgium,917,https://www.soccer-rating.com/SC-Charleroi/917/,SC-Charleroi,0,2026-07-23
SV Zulte-Waregem,Belgium,919,https://www.soccer-rating.com/SV-Zulte-Waregem/919/,SV-Zulte-Waregem,0,2026-07-23
Standard Liege,Belgium,920,https://www.soccer-rating.com/Standard-Liege/920/,Standard-Liege,0,2026-07-23
Union Saint-Gilloise,Belgium,1508,https://www.soccer-rating.com/Union-Saint-Gilloise/1508/,Union-Saint-Gilloise,0,2026-07-23
VV St. Truiden,Belgium,912,https://www.soccer-rating.com/VV-St-Truiden/912/,VV-St-Truiden,0,2026-07-23
Academia del Balompie,Bolivia,w14584,https://www.soccer-rating.com/Academia-del-Balompie/w14584/,Academia-del-Balompie,0,2026-07-23
Aurora Cochabamba,Bolivia,w834,https://www.soccer-rating.com/Aurora-Cochabamba/w834/,Aurora-Cochabamba,0,2026-07-23
Blooming,Bolivia,w690,https://www.soccer-rating.com/Blooming/w690/,Blooming,0,2026-07-23
Bolivar,Bolivia,w680,https://www.soccer-rating.com/Bolivar/w680/,Bolivar,0,2026-07-23
Club Always Ready,Bolivia,w8523,https://www.soccer-rating.com/Club-Always-Ready/w8523/,Club-Always-Ready,0,2026-07-23
Club Independiente Petrolero,Bolivia,w10853,https://www.soccer-rating.com/Club-Independiente-Petrolero/w10853/,Club-Independiente-Petrolero,0,2026-07-23
Deportivo Guabira,Bolivia,w832,https://www.soccer-rating.com/Deportivo-Guabira/w832/,Deportivo-Guabira,0,2026-07-23
Gualberto Villarroel San Jose,Bolivia,w15530,https://www.soccer-rating.com/Gualberto-Villarroel-San-Jose/w15530/,Gualberto-Villarroel-San-Jose,0,2026-07-23
Nacional Potosi,Bolivia,w1812,https://www.soccer-rating.com/Nacional-Potosi/w1812/,Nacional-Potosi,0,2026-07-23
Oriente Petrolero,Bolivia,w830,https://www.soccer-rating.com/Oriente-Petrolero/w830/,Oriente-Petrolero,0,2026-07-23
Real Oruro,Bolivia,w14635,https://www.soccer-rating.com/Real-Oruro/w14635/,Real-Oruro,0,2026-07-23
Real Potosi,Bolivia,w448,https://www.soccer-rating.com/Real-Potosi/w448/,Real-Potosi,0,2026-07-23
Real Tomayapo,Bolivia,w10892,https://www.soccer-rating.com/Real-Tomayapo/w10892/,Real-Tomayapo,0,2026-07-23
San Antonio Bulo Bulo,Bolivia,w12811,https://www.soccer-rating.com/San-Antonio-Bulo-Bulo/w12811/,San-Antonio-Bulo-Bulo,0,2026-07-23
The Strongest,Bolivia,w833,https://www.soccer-rating.com/The-Strongest/w833/,The-Strongest,0,2026-07-23
Universitario de Vinto,Bolivia,w12812,https://www.soccer-rating.com/Universitario-de-Vinto/w12812/,Universitario-de-Vinto,0,2026-07-23
AD Confianca Aracaju,Brazil,w3492,https://www.soccer-rating.com/AD-Confianca-Aracaju/w3492/,AD-Confianca-Aracaju,0,2026-07-23
AO de Itabaiana,Brazil,w3474,https://www.soccer-rating.com/AO-de-Itabaiana/w3474/,AO-de-Itabaiana,0,2026-07-23
Amazonas FC,Brazil,w9821,https://www.soccer-rating.com/Amazonas-FC/w9821/,Amazonas-FC,0,2026-07-23
America MG,Brazil,w843,https://www.soccer-rating.com/America-MG/w843/,America-MG,0,2026-07-23
Anapolis FC,Brazil,w3829,https://www.soccer-rating.com/Anapolis-FC/w3829/,Anapolis-FC,0,2026-07-23
Athletic Club SJdR/MG,Brazil,w10400,https://www.soccer-rating.com/Athletic-Club-SJdR-MG/w10400/,Athletic-Club-SJdR-MG,0,2026-07-23
Athletico PR,Brazil,w85,https://www.soccer-rating.com/Athletico-PR/w85/,Athletico-PR,0,2026-07-23
Atletico GO,Brazil,w1069,https://www.soccer-rating.com/Atletico-GO/w1069/,Atletico-GO,0,2026-07-23
Atletico-MG,Brazil,w100,https://www.soccer-rating.com/Atletico-MG/w100/,Atletico-MG,0,2026-07-23
Avai SC,Brazil,w87,https://www.soccer-rating.com/Avai-SC/w87/,Avai-SC,0,2026-07-23
Barra FC Camboriu SC,Brazil,w15980,https://www.soccer-rating.com/Barra-FC-Camboriu-SC/w15980/,Barra-FC-Camboriu-SC,0,2026-07-23
Botafogo FC PB,Brazil,w1933,https://www.soccer-rating.com/Botafogo-FC-PB/w1933/,Botafogo-FC-PB,0,2026-07-23
Botafogo SP,Brazil,w647,https://www.soccer-rating.com/Botafogo-SP/w647/,Botafogo-SP,0,2026-07-23
Botafogo-RJ,Brazil,w86,https://www.soccer-rating.com/Botafogo-RJ/w86/,Botafogo-RJ,0,2026-07-23
Brusque SC,Brazil,w1960,https://www.soccer-rating.com/Brusque-SC/w1960/,Brusque-SC,0,2026-07-23
CA Bragantino,Brazil,w646,https://www.soccer-rating.com/CA-Bragantino/w646/,CA-Bragantino,0,2026-07-23
CRB Maceio,Brazil,w1447,https://www.soccer-rating.com/CRB-Maceio/w1447/,CRB-Maceio,0,2026-07-23
Caxias do Sul,Brazil,w1440,https://www.soccer-rating.com/Caxias-do-Sul/w1440/,Caxias-do-Sul,0,2026-07-23
Ceara Sporting Club,Brazil,w37,https://www.soccer-rating.com/Ceara-Sporting-Club/w37/,Ceara-Sporting-Club,0,2026-07-23
Chapecoense,Brazil,w1491,https://www.soccer-rating.com/Chapecoense/w1491/,Chapecoense,0,2026-07-23
Clube Do Remo,Brazil,w2645,https://www.soccer-rating.com/Clube-Do-Remo/w2645/,Clube-Do-Remo,0,2026-07-23
Corinthians,Brazil,w89,https://www.soccer-rating.com/Corinthians/w89/,Corinthians,0,2026-07-23
Coritiba,Brazil,w92,https://www.soccer-rating.com/Coritiba/w92/,Coritiba,0,2026-07-23
Criciuma EC,Brazil,w1436,https://www.soccer-rating.com/Criciuma-EC/w1436/,Criciuma-EC,0,2026-07-23
Cruzeiro,Brazil,w91,https://www.soccer-rating.com/Cruzeiro/w91/,Cruzeiro,0,2026-07-23
Cuiaba,Brazil,w1968,https://www.soccer-rating.com/Cuiaba/w1968/,Cuiaba,0,2026-07-23
EC Bahia,Brazil,w1151,https://www.soccer-rating.com/EC-Bahia/w1151/,EC-Bahia,0,2026-07-23
EC Juventude,Brazil,w40,https://www.soccer-rating.com/EC-Juventude/w40/,EC-Juventude,0,2026-07-23
EC Vitoria Salvador,Brazil,w94,https://www.soccer-rating.com/EC-Vitoria-Salvador/w94/,EC-Vitoria-Salvador,0,2026-07-23
Ferroviaria,Brazil,w3833,https://www.soccer-rating.com/Ferroviaria/w3833/,Ferroviaria,0,2026-07-23
Figueirense,Brazil,w1155,https://www.soccer-rating.com/Figueirense/w1155/,Figueirense,0,2026-07-23
Flamengo,Brazil,w90,https://www.soccer-rating.com/Flamengo/w90/,Flamengo,0,2026-07-23
Floresta EC,Brazil,w7161,https://www.soccer-rating.com/Floresta-EC/w7161/,Floresta-EC,0,2026-07-23
Fluminense,Brazil,w93,https://www.soccer-rating.com/Fluminense/w93/,Fluminense,0,2026-07-23
Fortaleza EC,Brazil,w1441,https://www.soccer-rating.com/Fortaleza-EC/w1441/,Fortaleza-EC,0,2026-07-23
Goias EC,Brazil,w95,https://www.soccer-rating.com/Goias-EC/w95/,Goias-EC,0,2026-07-23
Gremio Porto Alegre,Brazil,w97,https://www.soccer-rating.com/Gremio-Porto-Alegre/w97/,Gremio-Porto-Alegre,0,2026-07-23
Guarani SP,Brazil,w39,https://www.soccer-rating.com/Guarani-SP/w39/,Guarani-SP,0,2026-07-23
Inter de Limeira,Brazil,w7188,https://www.soccer-rating.com/Inter-de-Limeira/w7188/,Inter-de-Limeira,0,2026-07-23
Internacional,Brazil,w104,https://www.soccer-rating.com/Internacional/w104/,Internacional,0,2026-07-23
Ituano,Brazil,w643,https://www.soccer-rating.com/Ituano/w643/,Ituano,0,2026-07-23
Londrina PR,Brazil,w3287,https://www.soccer-rating.com/Londrina-PR/w3287/,Londrina-PR,0,2026-07-23
Maranhao,Brazil,w3503,https://www.soccer-rating.com/Maranhao/w3503/,Maranhao,0,2026-07-23
Maringa FC,Brazil,w3885,https://www.soccer-rating.com/Maringa-FC/w3885/,Maringa-FC,0,2026-07-23
Mirassol,Brazil,w649,https://www.soccer-rating.com/Mirassol/w649/,Mirassol,0,2026-07-23
Nautico,Brazil,w102,https://www.soccer-rating.com/Nautico/w102/,Nautico,0,2026-07-23
Novorizontino,Brazil,w4389,https://www.soccer-rating.com/Novorizontino/w4389/,Novorizontino,0,2026-07-23
Operario Ferroviario EC,Brazil,w2641,https://www.soccer-rating.com/Operario-Ferroviario-EC/w2641/,Operario-Ferroviario-EC,0,2026-07-23
Palmeiras,Brazil,w99,https://www.soccer-rating.com/Palmeiras/w99/,Palmeiras,0,2026-07-23
Paysandu SC,Brazil,w1437,https://www.soccer-rating.com/Paysandu-SC/w1437/,Paysandu-SC,0,2026-07-23
Ponte Preta,Brazil,w98,https://www.soccer-rating.com/Ponte-Preta/w98/,Ponte-Preta,0,2026-07-23
Santa Cruz,Brazil,w1068,https://www.soccer-rating.com/Santa-Cruz/w1068/,Santa-Cruz,0,2026-07-23
Santos FC,Brazil,w88,https://www.soccer-rating.com/Santos-FC/w88/,Santos-FC,0,2026-07-23
Sao Bernardo FC,Brazil,w1815,https://www.soccer-rating.com/Sao-Bernardo-FC/w1815/,Sao-Bernardo-FC,0,2026-07-23
Sao Paulo,Brazil,w96,https://www.soccer-rating.com/Sao-Paulo/w96/,Sao-Paulo,0,2026-07-23
Sport Recife,Brazil,w103,https://www.soccer-rating.com/Sport-Recife/w103/,Sport-Recife,0,2026-07-23
Vasco da Gama,Brazil,w42,https://www.soccer-rating.com/Vasco-da-Gama/w42/,Vasco-da-Gama,0,2026-07-23
Vila Nova-GO,Brazil,w36,https://www.soccer-rating.com/Vila-Nova-GO/w36/,Vila-Nova-GO,0,2026-07-23
Volta Redonda,Brazil,w822,https://www.soccer-rating.com/Volta-Redonda/w822/,Volta-Redonda,0,2026-07-23
Ypiranga Erechim GA,Brazil,w1902,https://www.soccer-rating.com/Ypiranga-Erechim-GA/w1902/,Ypiranga-Erechim-GA,0,2026-07-23
Beroe Stara Zagora,Bulgaria,1464,https://www.soccer-rating.com/Beroe-Stara-Zagora/1464/,Beroe-Stara-Zagora,0,2026-07-23
Botev Plovdiv,Bulgaria,1466,https://www.soccer-rating.com/Botev-Plovdiv/1466/,Botev-Plovdiv,0,2026-07-23
Botev Vratsa,Bulgaria,6100,https://www.soccer-rating.com/Botev-Vratsa/6100/,Botev-Vratsa,0,2026-07-23
CSKA 1948 Sofia,Bulgaria,13235,https://www.soccer-rating.com/CSKA-1948-Sofia/13235/,CSKA-1948-Sofia,0,2026-07-23
CSKA Sofia,Bulgaria,1456,https://www.soccer-rating.com/CSKA-Sofia/1456/,CSKA-Sofia,0,2026-07-23
Cherno More Varna,Bulgaria,644,https://www.soccer-rating.com/Cherno-More-Varna/644/,Cherno-More-Varna,0,2026-07-23
Dobrudzha Dobrich,Bulgaria,6975,https://www.soccer-rating.com/Dobrudzha-Dobrich/6975/,Dobrudzha-Dobrich,0,2026-07-23
Dunav Ruse,Bulgaria,9037,https://www.soccer-rating.com/Dunav-Ruse/9037/,Dunav-Ruse,0,2026-07-23
FK Arda Kardzhali,Bulgaria,13239,https://www.soccer-rating.com/FK-Arda-Kardzhali/13239/,FK-Arda-Kardzhali,0,2026-07-23
FK Septemvri Sofia,Bulgaria,11755,https://www.soccer-rating.com/FK-Septemvri-Sofia/11755/,FK-Septemvri-Sofia,0,2026-07-23
Levski Sofia,Bulgaria,1295,https://www.soccer-rating.com/Levski-Sofia/1295/,Levski-Sofia,0,2026-07-23
Lokomotiv Plovdiv,Bulgaria,1458,https://www.soccer-rating.com/Lokomotiv-Plovdiv/1458/,Lokomotiv-Plovdiv,0,2026-07-23
Lokomotiv Sofia,Bulgaria,1457,https://www.soccer-rating.com/Lokomotiv-Sofia/1457/,Lokomotiv-Sofia,0,2026-07-23
Ludogorets Razgrad,Bulgaria,7254,https://www.soccer-rating.com/Ludogorets-Razgrad/7254/,Ludogorets-Razgrad,0,2026-07-23
PFC Montana 1921,Bulgaria,4865,https://www.soccer-rating.com/PFC-Montana-1921/4865/,PFC-Montana-1921,0,2026-07-23
Slavia Sofia,Bulgaria,1463,https://www.soccer-rating.com/Slavia-Sofia/1463/,Slavia-Sofia,0,2026-07-23
Spartak Varna,Bulgaria,1465,https://www.soccer-rating.com/Spartak-Varna/1465/,Spartak-Varna,0,2026-07-23
Yantra Gabrovo,Bulgaria,15312,https://www.soccer-rating.com/Yantra-Gabrovo/15312/,Yantra-Gabrovo,0,2026-07-23
Atletico Ottawa,Canada,w11389,https://www.soccer-rating.com/Atletico-Ottawa/w11389/,Atletico-Ottawa,0,2026-07-23
Cavalry FC,Canada,w11378,https://www.soccer-rating.com/Cavalry-FC/w11378/,Cavalry-FC,0,2026-07-23
FC Supra du Quebec,Canada,w17741,https://www.soccer-rating.com/FC-Supra-du-Quebec/w17741/,FC-Supra-du-Quebec,0,2026-07-23
Forge FC,Canada,w9241,https://www.soccer-rating.com/Forge-FC/w9241/,Forge-FC,0,2026-07-23
HFX Wanderers FC,Canada,w11366,https://www.soccer-rating.com/HFX-Wanderers-FC/w11366/,HFX-Wanderers-FC,0,2026-07-23
Inter Toronto,Canada,w11379,https://www.soccer-rating.com/Inter-Toronto/w11379/,Inter-Toronto,0,2026-07-23
Pacific FC,Canada,w11365,https://www.soccer-rating.com/Pacific-FC/w11365/,Pacific-FC,0,2026-07-23
Vancouver FC,Canada,w15245,https://www.soccer-rating.com/Vancouver-FC/w15245/,Vancouver-FC,0,2026-07-23
Audax Italiano,Chile,w440,https://www.soccer-rating.com/Audax-Italiano/w440/,Audax-Italiano,0,2026-07-23
CD Cobresal,Chile,w532,https://www.soccer-rating.com/CD-Cobresal/w532/,CD-Cobresal,0,2026-07-23
CD La Serena,Chile,w204,https://www.soccer-rating.com/CD-La-Serena/w204/,CD-La-Serena,0,2026-07-23
CD Nublense,Chile,w441,https://www.soccer-rating.com/CD-Nublense/w441/,CD-Nublense,0,2026-07-23
CD Palestino,Chile,w533,https://www.soccer-rating.com/CD-Palestino/w533/,CD-Palestino,0,2026-07-23
Colo Colo,Chile,w203,https://www.soccer-rating.com/Colo-Colo/w203/,Colo-Colo,0,2026-07-23
Coquimbo Unido,Chile,w2990,https://www.soccer-rating.com/Coquimbo-Unido/w2990/,Coquimbo-Unido,0,2026-07-23
Deportes Concepcion,Chile,w3035,https://www.soccer-rating.com/Deportes-Concepcion/w3035/,Deportes-Concepcion,0,2026-07-23
Deportes Limache,Chile,w7583,https://www.soccer-rating.com/Deportes-Limache/w7583/,Deportes-Limache,0,2026-07-23
Everton CD,Chile,w534,https://www.soccer-rating.com/Everton-CD/w534/,Everton-CD,0,2026-07-23
Huachipato,Chile,w529,https://www.soccer-rating.com/Huachipato/w529/,Huachipato,0,2026-07-23
O´Higgins,Chile,w536,https://www.soccer-rating.com/O-Higgins/w536/,O-Higgins,0,2026-07-23
Union La Calera,Chile,w1842,https://www.soccer-rating.com/Union-La-Calera/w1842/,Union-La-Calera,0,2026-07-23
Universidad Catolica,Chile,w202,https://www.soccer-rating.com/Universidad-Catolica/w202/,Universidad-Catolica,0,2026-07-23
Universidad de Chile,Chile,w537,https://www.soccer-rating.com/Universidad-de-Chile/w537/,Universidad-de-Chile,0,2026-07-23
Universidad de Concepcion,Chile,w530,https://www.soccer-rating.com/Universidad-de-Concepcion/w530/,Universidad-de-Concepcion,0,2026-07-23
Beijing Guoan,China,w773,https://www.soccer-rating.com/Beijing-Guoan/w773/,Beijing-Guoan,0,2026-07-23
Chengdu Rongcheng,China,w5041,https://www.soccer-rating.com/Chengdu-Rongcheng/w5041/,Chengdu-Rongcheng,0,2026-07-23
Chongqing Tonglianglong FC,China,w15281,https://www.soccer-rating.com/Chongqing-Tonglianglong-FC/w15281/,Chongqing-Tonglianglong-FC,0,2026-07-23
Dalian Yingbo,China,w15270,https://www.soccer-rating.com/Dalian-Yingbo/w15270/,Dalian-Yingbo,0,2026-07-23
Henan Songshan Longmen,China,w791,https://www.soccer-rating.com/Henan-Songshan-Longmen/w791/,Henan-Songshan-Longmen,0,2026-07-23
Liaoning Tieren,China,w7492,https://www.soccer-rating.com/Liaoning-Tieren/w7492/,Liaoning-Tieren,0,2026-07-23
Qingdao Hainiu,China,w1002,https://www.soccer-rating.com/Qingdao-Hainiu/w1002/,Qingdao-Hainiu,0,2026-07-23
Qingdao West Coast,China,w11235,https://www.soccer-rating.com/Qingdao-West-Coast/w11235/,Qingdao-West-Coast,0,2026-07-23
Shandong Taishan,China,w788,https://www.soccer-rating.com/Shandong-Taishan/w788/,Shandong-Taishan,0,2026-07-23
Shanghai Port,China,w2744,https://www.soccer-rating.com/Shanghai-Port/w2744/,Shanghai-Port,0,2026-07-23
Shanghai Shenhua,China,w997,https://www.soccer-rating.com/Shanghai-Shenhua/w997/,Shanghai-Shenhua,0,2026-07-23
Shenzhen Peng City,China,w7461,https://www.soccer-rating.com/Shenzhen-Peng-City/w7461/,Shenzhen-Peng-City,0,2026-07-23
Tianjin Tigers,China,w1003,https://www.soccer-rating.com/Tianjin-Tigers/w1003/,Tianjin-Tigers,0,2026-07-23
Wuhan Three Towns,China,w8870,https://www.soccer-rating.com/Wuhan-Three-Towns/w8870/,Wuhan-Three-Towns,0,2026-07-23
Yunnan Yukun,China,w15282,https://www.soccer-rating.com/Yunnan-Yukun/w15282/,Yunnan-Yukun,0,2026-07-23
Zhejiang Professional,China,w999,https://www.soccer-rating.com/Zhejiang-Professional/w999/,Zhejiang-Professional,0,2026-07-23
Alianza Petrolera,Colombia,w2995,https://www.soccer-rating.com/Alianza-Petrolera/w2995/,Alianza-Petrolera,0,2026-07-23
America de Cali,Colombia,w508,https://www.soccer-rating.com/America-de-Cali/w508/,America-de-Cali,0,2026-07-23
Atletico Bucaramanga,Colombia,w240,https://www.soccer-rating.com/Atletico-Bucaramanga/w240/,Atletico-Bucaramanga,0,2026-07-23
Atletico Junior,Colombia,w139,https://www.soccer-rating.com/Atletico-Junior/w139/,Atletico-Junior,0,2026-07-23
Atletico Nacional Medellin,Colombia,w169,https://www.soccer-rating.com/Atletico-Nacional-Medellin/w169/,Atletico-Nacional-Medellin,0,2026-07-23
Barranquilla FC,Colombia,w3071,https://www.soccer-rating.com/Barranquilla-FC/w3071/,Barranquilla-FC,0,2026-07-23
Chico FC,Colombia,w521,https://www.soccer-rating.com/Chico-FC/w521/,Chico-FC,0,2026-07-23
Cucuta Deportivo,Colombia,w523,https://www.soccer-rating.com/Cucuta-Deportivo/w523/,Cucuta-Deportivo,0,2026-07-23
Deportes Tolima,Colombia,w141,https://www.soccer-rating.com/Deportes-Tolima/w141/,Deportes-Tolima,0,2026-07-23
Deportivo Cali,Colombia,w527,https://www.soccer-rating.com/Deportivo-Cali/w527/,Deportivo-Cali,0,2026-07-23
Deportivo Pasto,Colombia,w1672,https://www.soccer-rating.com/Deportivo-Pasto/w1672/,Deportivo-Pasto,0,2026-07-23
Deportivo Pereira,Colombia,w140,https://www.soccer-rating.com/Deportivo-Pereira/w140/,Deportivo-Pereira,0,2026-07-23
Fortaleza FC,Colombia,w3064,https://www.soccer-rating.com/Fortaleza-FC/w3064/,Fortaleza-FC,0,2026-07-23
Independiente Medellin,Colombia,w192,https://www.soccer-rating.com/Independiente-Medellin/w192/,Independiente-Medellin,0,2026-07-23
Independiente Santa Fe,Colombia,w170,https://www.soccer-rating.com/Independiente-Santa-Fe/w170/,Independiente-Santa-Fe,0,2026-07-23
Internacional de Bogota,Colombia,w524,https://www.soccer-rating.com/Internacional-de-Bogota/w524/,Internacional-de-Bogota,0,2026-07-23
Jaguares de Cordoba,Colombia,w3300,https://www.soccer-rating.com/Jaguares-de-Cordoba/w3300/,Jaguares-de-Cordoba,0,2026-07-23
Llaneros FC,Colombia,w3072,https://www.soccer-rating.com/Llaneros-FC/w3072/,Llaneros-FC,0,2026-07-23
Millonarios,Colombia,w510,https://www.soccer-rating.com/Millonarios/w510/,Millonarios,0,2026-07-23
Once Caldas,Colombia,w519,https://www.soccer-rating.com/Once-Caldas/w519/,Once-Caldas,0,2026-07-23
Rionegro Aguilas,Colombia,w1651,https://www.soccer-rating.com/Rionegro-Aguilas/w1651/,Rionegro-Aguilas,0,2026-07-23
AD San Carlos,Costa-rica,w498,https://www.soccer-rating.com/AD-San-Carlos/w498/,AD-San-Carlos,0,2026-07-23
Alajuelense,Costa-rica,w492,https://www.soccer-rating.com/Alajuelense/w492/,Alajuelense,0,2026-07-23
CS Cartagines,Costa-rica,w494,https://www.soccer-rating.com/CS-Cartagines/w494/,CS-Cartagines,0,2026-07-23
CS Herediano,Costa-rica,w495,https://www.soccer-rating.com/CS-Herediano/w495/,CS-Herediano,0,2026-07-23
Deportivo Saprissa,Costa-rica,w497,https://www.soccer-rating.com/Deportivo-Saprissa/w497/,Deportivo-Saprissa,0,2026-07-23
Guadalupe FC,Costa-rica,w2323,https://www.soccer-rating.com/Guadalupe-FC/w2323/,Guadalupe-FC,0,2026-07-23
Municipal Liberia,Costa-rica,w490,https://www.soccer-rating.com/Municipal-Liberia/w490/,Municipal-Liberia,0,2026-07-23
Perez Zeledon,Costa-rica,w496,https://www.soccer-rating.com/Perez-Zeledon/w496/,Perez-Zeledon,0,2026-07-23
Puntarenas FC,Costa-rica,w489,https://www.soccer-rating.com/Puntarenas-FC/w489/,Puntarenas-FC,0,2026-07-23
Sporting San Jose,Costa-rica,w8495,https://www.soccer-rating.com/Sporting-San-Jose/w8495/,Sporting-San-Jose,0,2026-07-23
Barcelona SC,Ecuador,w609,https://www.soccer-rating.com/Barcelona-SC/w609/,Barcelona-SC,0,2026-07-23
Club Leones Del Norte,Ecuador,w16082,https://www.soccer-rating.com/Club-Leones-Del-Norte/w16082/,Club-Leones-Del-Norte,0,2026-07-23
Delfin SC,Ecuador,w4908,https://www.soccer-rating.com/Delfin-SC/w4908/,Delfin-SC,0,2026-07-23
Deportivo Cuenca,Ecuador,w143,https://www.soccer-rating.com/Deportivo-Cuenca/w143/,Deportivo-Cuenca,0,2026-07-23
Emelec,Ecuador,w145,https://www.soccer-rating.com/Emelec/w145/,Emelec,0,2026-07-23
Guayaquil City,Ecuador,w4338,https://www.soccer-rating.com/Guayaquil-City/w4338/,Guayaquil-City,0,2026-07-23
Independiente Jose Teran,Ecuador,w611,https://www.soccer-rating.com/Independiente-Jose-Teran/w611/,Independiente-Jose-Teran,0,2026-07-23
LDU Quito,Ecuador,w146,https://www.soccer-rating.com/LDU-Quito/w146/,LDU-Quito,0,2026-07-23
Libertad FC,Ecuador,w13936,https://www.soccer-rating.com/Libertad-FC/w13936/,Libertad-FC,0,2026-07-23
Macara Ambato,Ecuador,w615,https://www.soccer-rating.com/Macara-Ambato/w615/,Macara-Ambato,0,2026-07-23
Manta FC,Ecuador,w612,https://www.soccer-rating.com/Manta-FC/w612/,Manta-FC,0,2026-07-23
Mushuc Runa,Ecuador,w3808,https://www.soccer-rating.com/Mushuc-Runa/w3808/,Mushuc-Runa,0,2026-07-23
Orense SC,Ecuador,w7418,https://www.soccer-rating.com/Orense-SC/w7418/,Orense-SC,0,2026-07-23
SD Aucas,Ecuador,w4339,https://www.soccer-rating.com/SD-Aucas/w4339/,SD-Aucas,0,2026-07-23
Tecnico Universitario Ambato,Ecuador,w2608,https://www.soccer-rating.com/Tecnico-Universitario-Ambato/w2608/,Tecnico-Universitario-Ambato,0,2026-07-23
Al Mokawloon,Egypt,w277,https://www.soccer-rating.com/Al-Mokawloon/w277/,Al-Mokawloon,0,2026-07-23
Ceramica Cleopatra FC,Egypt,w10530,https://www.soccer-rating.com/Ceramica-Cleopatra-FC/w10530/,Ceramica-Cleopatra-FC,0,2026-07-23
El Ahly,Egypt,w284,https://www.soccer-rating.com/El-Ahly/w284/,El-Ahly,0,2026-07-23
El Ettehad El Sakandary,Egypt,w298,https://www.soccer-rating.com/El-Ettehad-El-Sakandary/w298/,El-Ettehad-El-Sakandary,0,2026-07-23
El Gounah,Egypt,w285,https://www.soccer-rating.com/El-Gounah/w285/,El-Gounah,0,2026-07-23
El Masry,Egypt,w280,https://www.soccer-rating.com/El-Masry/w280/,El-Masry,0,2026-07-23
Enppi Club,Egypt,w276,https://www.soccer-rating.com/Enppi-Club/w276/,Enppi-Club,0,2026-07-23
Ghazl El Mahallah,Egypt,w299,https://www.soccer-rating.com/Ghazl-El-Mahallah/w299/,Ghazl-El-Mahallah,0,2026-07-23
Haras El Hedoud,Egypt,w300,https://www.soccer-rating.com/Haras-El-Hedoud/w300/,Haras-El-Hedoud,0,2026-07-23
Ismaily SC,Egypt,w281,https://www.soccer-rating.com/Ismaily-SC/w281/,Ismaily-SC,0,2026-07-23
Kahraba Ismailia,Egypt,w5908,https://www.soccer-rating.com/Kahraba-Ismailia/w5908/,Kahraba-Ismailia,0,2026-07-23
Modern Sport FC,Egypt,w10623,https://www.soccer-rating.com/Modern-Sport-FC/w10623/,Modern-Sport-FC,0,2026-07-23
National Bank of Egypt SC,Egypt,w7019,https://www.soccer-rating.com/National-Bank-of-Egypt-SC/w7019/,National-Bank-of-Egypt-SC,0,2026-07-23
Petrojet,Egypt,w282,https://www.soccer-rating.com/Petrojet/w282/,Petrojet,0,2026-07-23
Pharco FC,Egypt,w5909,https://www.soccer-rating.com/Pharco-FC/w5909/,Pharco-FC,0,2026-07-23
Pyramids FC,Egypt,w4147,https://www.soccer-rating.com/Pyramids-FC/w4147/,Pyramids-FC,0,2026-07-23
Smouha SC,Egypt,w1557,https://www.soccer-rating.com/Smouha-SC/w1557/,Smouha-SC,0,2026-07-23
Talaea El Gaish,Egypt,w283,https://www.soccer-rating.com/Talaea-El-Gaish/w283/,Talaea-El-Gaish,0,2026-07-23
Wadi Degla SC,Egypt,w1556,https://www.soccer-rating.com/Wadi-Degla-SC/w1556/,Wadi-Degla-SC,0,2026-07-23
ZED FC,Egypt,w5005,https://www.soccer-rating.com/ZED-FC/w5005/,ZED-FC,0,2026-07-23
Zamalek,Egypt,w279,https://www.soccer-rating.com/Zamalek/w279/,Zamalek,0,2026-07-23
AFC Bournemouth,England,849,https://www.soccer-rating.com/AFC-Bournemouth/849/,AFC-Bournemouth,0,2026-07-23
Arsenal FC,England,201,https://www.soccer-rating.com/Arsenal-FC/201/,Arsenal-FC,0,2026-07-23
Aston Villa,England,203,https://www.soccer-rating.com/Aston-Villa/203/,Aston-Villa,0,2026-07-23
Birmingham City,England,208,https://www.soccer-rating.com/Birmingham-City/208/,Birmingham-City,0,2026-07-23
Blackburn Rovers,England,216,https://www.soccer-rating.com/Blackburn-Rovers/216/,Blackburn-Rovers,0,2026-07-23
Bolton Wanderers,England,205,https://www.soccer-rating.com/Bolton-Wanderers/205/,Bolton-Wanderers,0,2026-07-23
Brentford FC,England,862,https://www.soccer-rating.com/Brentford-FC/862/,Brentford-FC,0,2026-07-23
Brighton & Hove Albion,England,839,https://www.soccer-rating.com/Brighton-Hove-Albion/839/,Brighton-Hove-Albion,0,2026-07-23
Bristol City,England,223,https://www.soccer-rating.com/Bristol-City/223/,Bristol-City,0,2026-07-23
Burnley FC,England,225,https://www.soccer-rating.com/Burnley-FC/225/,Burnley-FC,0,2026-07-23
Cardiff City,England,227,https://www.soccer-rating.com/Cardiff-City/227/,Cardiff-City,0,2026-07-23
Charlton Athletic,England,229,https://www.soccer-rating.com/Charlton-Athletic/229/,Charlton-Athletic,0,2026-07-23
Chelsea FC,England,207,https://www.soccer-rating.com/Chelsea-FC/207/,Chelsea-FC,0,2026-07-23
Coventry City,England,222,https://www.soccer-rating.com/Coventry-City/222/,Coventry-City,0,2026-07-23
Crystal Palace,England,242,https://www.soccer-rating.com/Crystal-Palace/242/,Crystal-Palace,0,2026-07-23
Derby County,England,209,https://www.soccer-rating.com/Derby-County/209/,Derby-County,0,2026-07-23
Everton FC,England,211,https://www.soccer-rating.com/Everton-FC/211/,Everton-FC,0,2026-07-23
Fulham FC,England,202,https://www.soccer-rating.com/Fulham-FC/202/,Fulham-FC,0,2026-07-23
Hull City,England,231,https://www.soccer-rating.com/Hull-City/231/,Hull-City,0,2026-07-23
Ipswich Town,England,233,https://www.soccer-rating.com/Ipswich-Town/233/,Ipswich-Town,0,2026-07-23
Leeds United,England,857,https://www.soccer-rating.com/Leeds-United/857/,Leeds-United,0,2026-07-23
Lincoln City,England,872,https://www.soccer-rating.com/Lincoln-City/872/,Lincoln-City,0,2026-07-23
Liverpool FC,England,204,https://www.soccer-rating.com/Liverpool-FC/204/,Liverpool-FC,0,2026-07-23
Manchester City,England,220,https://www.soccer-rating.com/Manchester-City/220/,Manchester-City,0,2026-07-23
Manchester United,England,213,https://www.soccer-rating.com/Manchester-United/213/,Manchester-United,0,2026-07-23
Middlesbrough FC,England,215,https://www.soccer-rating.com/Middlesbrough-FC/215/,Middlesbrough-FC,0,2026-07-23
Millwall FC,England,841,https://www.soccer-rating.com/Millwall-FC/841/,Millwall-FC,0,2026-07-23
Newcastle United,England,206,https://www.soccer-rating.com/Newcastle-United/206/,Newcastle-United,0,2026-07-23
Norwich City,England,238,https://www.soccer-rating.com/Norwich-City/238/,Norwich-City,0,2026-07-23
Nottingham Forest,England,848,https://www.soccer-rating.com/Nottingham-Forest/848/,Nottingham-Forest,0,2026-07-23
Portsmouth FC,England,210,https://www.soccer-rating.com/Portsmouth-FC/210/,Portsmouth-FC,0,2026-07-23
Preston North End,England,237,https://www.soccer-rating.com/Preston-North-End/237/,Preston-North-End,0,2026-07-23
Queens Park Rangers,England,224,https://www.soccer-rating.com/Queens-Park-Rangers/224/,Queens-Park-Rangers,0,2026-07-23
Sheffield United,England,239,https://www.soccer-rating.com/Sheffield-United/239/,Sheffield-United,0,2026-07-23
Southampton FC,England,241,https://www.soccer-rating.com/Southampton-FC/241/,Southampton-FC,0,2026-07-23
Stoke City,England,228,https://www.soccer-rating.com/Stoke-City/228/,Stoke-City,0,2026-07-23
Sunderland FC,England,217,https://www.soccer-rating.com/Sunderland-FC/217/,Sunderland-FC,0,2026-07-23
Swansea City,England,851,https://www.soccer-rating.com/Swansea-City/851/,Swansea-City,0,2026-07-23
Tottenham Hotspur,England,218,https://www.soccer-rating.com/Tottenham-Hotspur/218/,Tottenham-Hotspur,0,2026-07-23
Watford FC,England,244,https://www.soccer-rating.com/Watford-FC/244/,Watford-FC,0,2026-07-23
West Bromwich Albion,England,226,https://www.soccer-rating.com/West-Bromwich-Albion/226/,West-Bromwich-Albion,0,2026-07-23
West Ham United,England,219,https://www.soccer-rating.com/West-Ham-United/219/,West-Ham-United,0,2026-07-23
Wolverhampton Wanderers,England,243,https://www.soccer-rating.com/Wolverhampton-Wanderers/243/,Wolverhampton-Wanderers,0,2026-07-23
Wrexham FC,England,867,https://www.soccer-rating.com/Wrexham-FC/867/,Wrexham-FC,0,2026-07-23
AC Ajaccio,France,891,https://www.soccer-rating.com/AC-Ajaccio/891/,AC-Ajaccio,0,2026-07-23
AC Troyes,France,884,https://www.soccer-rating.com/AC-Troyes/884/,AC-Troyes,0,2026-07-23
AJ Auxerre,France,254,https://www.soccer-rating.com/AJ-Auxerre/254/,AJ-Auxerre,0,2026-07-23
AS Monaco,France,245,https://www.soccer-rating.com/AS-Monaco/245/,AS-Monaco,0,2026-07-23
AS Nancy Lorraine,France,262,https://www.soccer-rating.com/AS-Nancy-Lorraine/262/,AS-Nancy-Lorraine,0,2026-07-23
Amiens SC,France,893,https://www.soccer-rating.com/Amiens-SC/893/,Amiens-SC,0,2026-07-23
Annecy FC,France,10353,https://www.soccer-rating.com/Annecy-FC/10353/,Annecy-FC,0,2026-07-23
Clermont Foot,France,888,https://www.soccer-rating.com/Clermont-Foot/888/,Clermont-Foot,0,2026-07-23
EA Guingamp,France,885,https://www.soccer-rating.com/EA-Guingamp/885/,EA-Guingamp,0,2026-07-23
FC Lorient,France,252,https://www.soccer-rating.com/FC-Lorient/252/,FC-Lorient,0,2026-07-23
FC Metz,France,250,https://www.soccer-rating.com/FC-Metz/250/,FC-Metz,0,2026-07-23
FC Nantes,France,896,https://www.soccer-rating.com/FC-Nantes/896/,FC-Nantes,0,2026-07-23
Grenoble Foot 38,France,898,https://www.soccer-rating.com/Grenoble-Foot-38/898/,Grenoble-Foot-38,0,2026-07-23
Le Havre AC,France,901,https://www.soccer-rating.com/Le-Havre-AC/901/,Le-Havre-AC,0,2026-07-23
Le Mans UC 72,France,249,https://www.soccer-rating.com/Le-Mans-UC-72/249/,Le-Mans-UC-72,0,2026-07-23
Montpellier HSC,France,895,https://www.soccer-rating.com/Montpellier-HSC/895/,Montpellier-HSC,0,2026-07-23
OGC Nice,France,260,https://www.soccer-rating.com/OGC-Nice/260/,OGC-Nice,0,2026-07-23
OSC Lille,France,251,https://www.soccer-rating.com/OSC-Lille/251/,OSC-Lille,0,2026-07-23
Olympique Lyon,France,253,https://www.soccer-rating.com/Olympique-Lyon/253/,Olympique-Lyon,0,2026-07-23
Olympique Marseille,France,258,https://www.soccer-rating.com/Olympique-Marseille/258/,Olympique-Marseille,0,2026-07-23
Paris FC,France,1396,https://www.soccer-rating.com/Paris-FC/1396/,Paris-FC,0,2026-07-23
Paris Saint-Germain,France,255,https://www.soccer-rating.com/Paris-Saint-Germain/255/,Paris-Saint-Germain,0,2026-07-23
Pau FC,France,1399,https://www.soccer-rating.com/Pau-FC/1399/,Pau-FC,0,2026-07-23
RC Lens,France,248,https://www.soccer-rating.com/RC-Lens/248/,RC-Lens,0,2026-07-23
Racing Strasbourg,France,257,https://www.soccer-rating.com/Racing-Strasbourg/257/,Racing-Strasbourg,0,2026-07-23
Red Star 93,France,1414,https://www.soccer-rating.com/Red-Star-93/1414/,Red-Star-93,0,2026-07-23
Rodez AF,France,1405,https://www.soccer-rating.com/Rodez-AF/1405/,Rodez-AF,0,2026-07-23
SC Bastia,France,900,https://www.soccer-rating.com/SC-Bastia/900/,SC-Bastia,0,2026-07-23
SCO Angers,France,903,https://www.soccer-rating.com/SCO-Angers/903/,SCO-Angers,0,2026-07-23
Stade Brest,France,902,https://www.soccer-rating.com/Stade-Brest/902/,Stade-Brest,0,2026-07-23
Stade Lavallois,France,1393,https://www.soccer-rating.com/Stade-Lavallois/1393/,Stade-Lavallois,0,2026-07-23
Stade Reims,France,897,https://www.soccer-rating.com/Stade-Reims/897/,Stade-Reims,0,2026-07-23
Stade Rennes,France,261,https://www.soccer-rating.com/Stade-Rennes/261/,Stade-Rennes,0,2026-07-23
Toulouse FC,France,264,https://www.soccer-rating.com/Toulouse-FC/264/,Toulouse-FC,0,2026-07-23
US Boulogne,France,887,https://www.soccer-rating.com/US-Boulogne/887/,US-Boulogne,0,2026-07-23
USL Dunkerque,France,1408,https://www.soccer-rating.com/USL-Dunkerque/1408/,USL-Dunkerque,0,2026-07-23
1. FC Heidenheim,Germany,1989,https://www.soccer-rating.com/1-FC-Heidenheim/1989/,1-FC-Heidenheim,0,2026-07-23
1. FC Köln,Germany,663,https://www.soccer-rating.com/1-FC-Koeln/663/,1-FC-Koeln,0,2026-07-23
1. FC Union Berlin,Germany,772,https://www.soccer-rating.com/1-FC-Union-Berlin/772/,1-FC-Union-Berlin,0,2026-07-23
1899 Hoffenheim,Germany,654,https://www.soccer-rating.com/1899-Hoffenheim/654/,1899-Hoffenheim,0,2026-07-23
Bayer Leverkusen,Germany,145,https://www.soccer-rating.com/Bayer-Leverkusen/145/,Bayer-Leverkusen,0,2026-07-23
Borussia Dortmund,Germany,147,https://www.soccer-rating.com/Borussia-Dortmund/147/,Borussia-Dortmund,0,2026-07-23
Eintracht Frankfurt,Germany,149,https://www.soccer-rating.com/Eintracht-Frankfurt/149/,Eintracht-Frankfurt,0,2026-07-23
FC Augsburg,Germany,660,https://www.soccer-rating.com/FC-Augsburg/660/,FC-Augsburg,0,2026-07-23
FC Bayern München,Germany,151,https://www.soccer-rating.com/FC-Bayern-Muenchen/151/,FC-Bayern-Muenchen,0,2026-07-23
FC Schalke 04,Germany,142,https://www.soccer-rating.com/FC-Schalke-04/142/,FC-Schalke-04,0,2026-07-23
FC St. Pauli,Germany,662,https://www.soccer-rating.com/FC-St-Pauli/662/,FC-St-Pauli,0,2026-07-23
FSV Mainz 05,Germany,664,https://www.soccer-rating.com/FSV-Mainz-05/664/,FSV-Mainz-05,0,2026-07-23
Hamburger SV,Germany,154,https://www.soccer-rating.com/Hamburger-SV/154/,Hamburger-SV,0,2026-07-23
Mönchengladbach,Germany,653,https://www.soccer-rating.com/Moenchengladbach/653/,Moenchengladbach,0,2026-07-23
RB Leipzig,Germany,2005,https://www.soccer-rating.com/RB-Leipzig/2005/,RB-Leipzig,0,2026-07-23
SC Freiburg,Germany,669,https://www.soccer-rating.com/SC-Freiburg/669/,SC-Freiburg,0,2026-07-23
SC Paderborn 07,Germany,666,https://www.soccer-rating.com/SC-Paderborn-07/666/,SC-Paderborn-07,0,2026-07-23
SV Elversberg 07,Germany,996,https://www.soccer-rating.com/SV-Elversberg-07/996/,SV-Elversberg-07,0,2026-07-23
VfB Stuttgart,Germany,141,https://www.soccer-rating.com/VfB-Stuttgart/141/,VfB-Stuttgart,0,2026-07-23
VfL Wolfsburg,Germany,157,https://www.soccer-rating.com/VfL-Wolfsburg/157/,VfL-Wolfsburg,0,2026-07-23
Werder Bremen,Germany,156,https://www.soccer-rating.com/Werder-Bremen/156/,Werder-Bremen,0,2026-07-23
Antigua GFC,Guatemala,w4024,https://www.soccer-rating.com/Antigua-GFC/w4024/,Antigua-GFC,0,2026-07-23
Aurora FC,Guatemala,w8642,https://www.soccer-rating.com/Aurora-FC/w8642/,Aurora-FC,0,2026-07-23
CD Malacateco,Guatemala,w1485,https://www.soccer-rating.com/CD-Malacateco/w1485/,CD-Malacateco,0,2026-07-23
CD Marquense,Guatemala,w432,https://www.soccer-rating.com/CD-Marquense/w432/,CD-Marquense,0,2026-07-23
CD Mictlan,Guatemala,w1486,https://www.soccer-rating.com/CD-Mictlan/w1486/,CD-Mictlan,0,2026-07-23
CSD Municipal,Guatemala,w433,https://www.soccer-rating.com/CSD-Municipal/w433/,CSD-Municipal,0,2026-07-23
Coban Imperial,Guatemala,w4581,https://www.soccer-rating.com/Coban-Imperial/w4581/,Coban-Imperial,0,2026-07-23
Comunicaciones,Guatemala,w429,https://www.soccer-rating.com/Comunicaciones/w429/,Comunicaciones,0,2026-07-23
Deportivo Achuapa,Guatemala,w8618,https://www.soccer-rating.com/Deportivo-Achuapa/w8618/,Deportivo-Achuapa,0,2026-07-23
Deportivo Mixco,Guatemala,w5685,https://www.soccer-rating.com/Deportivo-Mixco/w5685/,Deportivo-Mixco,0,2026-07-23
Guastatoya,Guatemala,w4023,https://www.soccer-rating.com/Guastatoya/w4023/,Guastatoya,0,2026-07-23
Xelaju MC,Guatemala,w435,https://www.soccer-rating.com/Xelaju-MC/w435/,Xelaju-MC,0,2026-07-23
CD Marathon,Honduras,w806,https://www.soccer-rating.com/CD-Marathon/w806/,CD-Marathon,0,2026-07-23
CD Motagua,Honduras,w807,https://www.soccer-rating.com/CD-Motagua/w807/,CD-Motagua,0,2026-07-23
Genesis Huracan,Honduras,w12283,https://www.soccer-rating.com/Genesis-Huracan/w12283/,Genesis-Huracan,0,2026-07-23
Olancho FC,Honduras,w14438,https://www.soccer-rating.com/Olancho-FC/w14438/,Olancho-FC,0,2026-07-23
Olimpia Tegucigalpa,Honduras,w759,https://www.soccer-rating.com/Olimpia-Tegucigalpa/w759/,Olimpia-Tegucigalpa,0,2026-07-23
Real Espana,Honduras,w761,https://www.soccer-rating.com/Real-Espana/w761/,Real-Espana,0,2026-07-23
AC Fiorentina,Italy,1588,https://www.soccer-rating.com/AC-Fiorentina/1588/,AC-Fiorentina,0,2026-07-23
AC Mantova,Italy,1544,https://www.soccer-rating.com/AC-Mantova/1544/,AC-Mantova,0,2026-07-23
AC Milan,Italy,1590,https://www.soccer-rating.com/AC-Milan/1590/,AC-Milan,0,2026-07-23
AC Reggiana,Italy,2908,https://www.soccer-rating.com/AC-Reggiana/2908/,AC-Reggiana,0,2026-07-23
AS Roma,Italy,1597,https://www.soccer-rating.com/AS-Roma/1597/,AS-Roma,0,2026-07-23
Atalanta Bergamo,Italy,1599,https://www.soccer-rating.com/Atalanta-Bergamo/1599/,Atalanta-Bergamo,0,2026-07-23
Bologna FC,Italy,1525,https://www.soccer-rating.com/Bologna-FC/1525/,Bologna-FC,0,2026-07-23
Cagliari Calcio,Italy,1602,https://www.soccer-rating.com/Cagliari-Calcio/1602/,Cagliari-Calcio,0,2026-07-23
Calcio Padova,Italy,2211,https://www.soccer-rating.com/Calcio-Padova/2211/,Calcio-Padova,0,2026-07-23
Carrarese Calcio,Italy,2909,https://www.soccer-rating.com/Carrarese-Calcio/2909/,Carrarese-Calcio,0,2026-07-23
Cesena FC,Italy,1532,https://www.soccer-rating.com/Cesena-FC/1532/,Cesena-FC,0,2026-07-23
Como Calcio,Italy,4351,https://www.soccer-rating.com/Como-Calcio/4351/,Como-Calcio,0,2026-07-23
Empoli FC,Italy,1589,https://www.soccer-rating.com/Empoli-FC/1589/,Empoli-FC,0,2026-07-23
FC Catanzaro,Italy,2929,https://www.soccer-rating.com/FC-Catanzaro/2929/,FC-Catanzaro,0,2026-07-23
FC Südtirol Bolzano,Italy,2892,https://www.soccer-rating.com/FC-Suedtirol-Bolzano/2892/,FC-Suedtirol-Bolzano,0,2026-07-23
Frosinone Calcio,Italy,1540,https://www.soccer-rating.com/Frosinone-Calcio/1540/,Frosinone-Calcio,0,2026-07-23
Genoa FC,Italy,1527,https://www.soccer-rating.com/Genoa-FC/1527/,Genoa-FC,0,2026-07-23
Hellas Verona,Italy,2448,https://www.soccer-rating.com/Hellas-Verona/2448/,Hellas-Verona,0,2026-07-23
Inter Milan,Italy,1591,https://www.soccer-rating.com/Inter-Milan/1591/,Inter-Milan,0,2026-07-23
Juve Stabia,Italy,2762,https://www.soccer-rating.com/Juve-Stabia/2762/,Juve-Stabia,0,2026-07-23
Juventus Torino,Italy,1593,https://www.soccer-rating.com/Juventus-Torino/1593/,Juventus-Torino,0,2026-07-23
Lazio Roma,Italy,1566,https://www.soccer-rating.com/Lazio-Roma/1566/,Lazio-Roma,0,2026-07-23
Modena FC,Italy,1526,https://www.soccer-rating.com/Modena-FC/1526/,Modena-FC,0,2026-07-23
Parma Calcio,Italy,1586,https://www.soccer-rating.com/Parma-Calcio/1586/,Parma-Calcio,0,2026-07-23
Pescara Calcio,Italy,2763,https://www.soccer-rating.com/Pescara-Calcio/2763/,Pescara-Calcio,0,2026-07-23
Pisa Calcio,Italy,1535,https://www.soccer-rating.com/Pisa-Calcio/1535/,Pisa-Calcio,0,2026-07-23
SSC Bari,Italy,1523,https://www.soccer-rating.com/SSC-Bari/1523/,SSC-Bari,0,2026-07-23
SSC Napoli,Italy,1531,https://www.soccer-rating.com/SSC-Napoli/1531/,SSC-Napoli,0,2026-07-23
SSC Venezia,Italy,2461,https://www.soccer-rating.com/SSC-Venezia/2461/,SSC-Venezia,0,2026-07-23
SSD Monza 1912,Italy,2452,https://www.soccer-rating.com/SSD-Monza-1912/2452/,SSD-Monza-1912,0,2026-07-23
Sampdoria Genoa,Italy,1110,https://www.soccer-rating.com/Sampdoria-Genoa/1110/,Sampdoria-Genoa,0,2026-07-23
Spezia Calcio,Italy,1534,https://www.soccer-rating.com/Spezia-Calcio/1534/,Spezia-Calcio,0,2026-07-23
Torino FC,Italy,1595,https://www.soccer-rating.com/Torino-FC/1595/,Torino-FC,0,2026-07-23
US Avellino,Italy,1521,https://www.soccer-rating.com/US-Avellino/1521/,US-Avellino,0,2026-07-23
US Cremonese,Italy,2460,https://www.soccer-rating.com/US-Cremonese/2460/,US-Cremonese,0,2026-07-23
US Lecce,Italy,1542,https://www.soccer-rating.com/US-Lecce/1542/,US-Lecce,0,2026-07-23
US Palermo,Italy,1596,https://www.soccer-rating.com/US-Palermo/1596/,US-Palermo,0,2026-07-23
US Sassuolo Calcio,Italy,2462,https://www.soccer-rating.com/US-Sassuolo-Calcio/2462/,US-Sassuolo-Calcio,0,2026-07-23
Udinese Calcio,Italy,1592,https://www.soccer-rating.com/Udinese-Calcio/1592/,Udinese-Calcio,0,2026-07-23
Virtus Entella,Italy,6718,https://www.soccer-rating.com/Virtus-Entella/6718/,Virtus-Entella,0,2026-07-23
Avispa Fukuoka,Japan,w75,https://www.soccer-rating.com/Avispa-Fukuoka/w75/,Avispa-Fukuoka,0,2026-07-23
Cerezo Osaka,Japan,w23,https://www.soccer-rating.com/Cerezo-Osaka/w23/,Cerezo-Osaka,0,2026-07-23
FC Machida Zelvia,Japan,w1476,https://www.soccer-rating.com/FC-Machida-Zelvia/w1476/,FC-Machida-Zelvia,0,2026-07-23
FC Tokyo,Japan,w17,https://www.soccer-rating.com/FC-Tokyo/w17/,FC-Tokyo,0,2026-07-23
Fagiano Okayama,Japan,w25,https://www.soccer-rating.com/Fagiano-Okayama/w25/,Fagiano-Okayama,0,2026-07-23
Gamba Osaka,Japan,w214,https://www.soccer-rating.com/Gamba-Osaka/w214/,Gamba-Osaka,0,2026-07-23
JEF United Ichihara Chiba,Japan,w73,https://www.soccer-rating.com/JEF-United-Ichihara-Chiba/w73/,JEF-United-Ichihara-Chiba,0,2026-07-23
Kashima Antlers,Japan,w222,https://www.soccer-rating.com/Kashima-Antlers/w222/,Kashima-Antlers,0,2026-07-23
Kashiwa Reysol,Japan,w20,https://www.soccer-rating.com/Kashiwa-Reysol/w20/,Kashiwa-Reysol,0,2026-07-23
Kawasaki Frontale,Japan,w215,https://www.soccer-rating.com/Kawasaki-Frontale/w215/,Kawasaki-Frontale,0,2026-07-23
Kyoto Purple Sanga,Japan,w219,https://www.soccer-rating.com/Kyoto-Purple-Sanga/w219/,Kyoto-Purple-Sanga,0,2026-07-23
Mito Hollyhock,Japan,w76,https://www.soccer-rating.com/Mito-Hollyhock/w76/,Mito-Hollyhock,0,2026-07-23
Nagoya Grampus Eight,Japan,w220,https://www.soccer-rating.com/Nagoya-Grampus-Eight/w220/,Nagoya-Grampus-Eight,0,2026-07-23
Sanfrecce Hiroshima,Japan,w218,https://www.soccer-rating.com/Sanfrecce-Hiroshima/w218/,Sanfrecce-Hiroshima,0,2026-07-23
Shimizu S-Pulse,Japan,w62,https://www.soccer-rating.com/Shimizu-S-Pulse/w62/,Shimizu-S-Pulse,0,2026-07-23
Tokyo Verdy,Japan,w70,https://www.soccer-rating.com/Tokyo-Verdy/w70/,Tokyo-Verdy,0,2026-07-23
Urawa Red Diamonds,Japan,w221,https://www.soccer-rating.com/Urawa-Red-Diamonds/w221/,Urawa-Red-Diamonds,0,2026-07-23
V-Varen Nagasaki,Japan,w1479,https://www.soccer-rating.com/V-Varen-Nagasaki/w1479/,V-Varen-Nagasaki,0,2026-07-23
Vissel Kobe,Japan,w18,https://www.soccer-rating.com/Vissel-Kobe/w18/,Vissel-Kobe,0,2026-07-23
Yokohama F. Marinos,Japan,w61,https://www.soccer-rating.com/Yokohama-F-Marinos/w61/,Yokohama-F-Marinos,0,2026-07-23
Atlante UTN,Mexico,w314,https://www.soccer-rating.com/Atlante-UTN/w314/,Atlante-UTN,0,2026-07-23
Atlas,Mexico,w345,https://www.soccer-rating.com/Atlas/w345/,Atlas,0,2026-07-23
Club America,Mexico,w59,https://www.soccer-rating.com/Club-America/w59/,Club-America,0,2026-07-23
Club Tijuana,Mexico,w571,https://www.soccer-rating.com/Club-Tijuana/w571/,Club-Tijuana,0,2026-07-23
Cruz Azul,Mexico,w55,https://www.soccer-rating.com/Cruz-Azul/w55/,Cruz-Azul,0,2026-07-23
FC Juarez,Mexico,w4644,https://www.soccer-rating.com/FC-Juarez/w4644/,FC-Juarez,0,2026-07-23
Guadalajara Chivas,Mexico,w342,https://www.soccer-rating.com/Guadalajara-Chivas/w342/,Guadalajara-Chivas,0,2026-07-23
Leon,Mexico,w572,https://www.soccer-rating.com/Leon/w572/,Leon,0,2026-07-23
Monterrey,Mexico,w60,https://www.soccer-rating.com/Monterrey/w60/,Monterrey,0,2026-07-23
Necaxa,Mexico,w693,https://www.soccer-rating.com/Necaxa/w693/,Necaxa,0,2026-07-23
Pachuca,Mexico,w343,https://www.soccer-rating.com/Pachuca/w343/,Pachuca,0,2026-07-23
Puebla,Mexico,w56,https://www.soccer-rating.com/Puebla/w56/,Puebla,0,2026-07-23
Queretaro FC,Mexico,w341,https://www.soccer-rating.com/Queretaro-FC/w341/,Queretaro-FC,0,2026-07-23
Real San Luis,Mexico,w84,https://www.soccer-rating.com/Real-San-Luis/w84/,Real-San-Luis,0,2026-07-23
Santos Laguna,Mexico,w122,https://www.soccer-rating.com/Santos-Laguna/w122/,Santos-Laguna,0,2026-07-23
Tigres,Mexico,w316,https://www.soccer-rating.com/Tigres/w316/,Tigres,0,2026-07-23
Toluca,Mexico,w83,https://www.soccer-rating.com/Toluca/w83/,Toluca,0,2026-07-23
UNAM Pumas,Mexico,w344,https://www.soccer-rating.com/UNAM-Pumas/w344/,UNAM-Pumas,0,2026-07-23
CODM Meknes,Morocco,w2371,https://www.soccer-rating.com/CODM-Meknes/w2371/,CODM-Meknes,0,2026-07-23
Difaa El Jadida,Morocco,w597,https://www.soccer-rating.com/Difaa-El-Jadida/w597/,Difaa-El-Jadida,0,2026-07-23
FAR Rabat,Morocco,w598,https://www.soccer-rating.com/FAR-Rabat/w598/,FAR-Rabat,0,2026-07-23
FUS Rabat,Morocco,w595,https://www.soccer-rating.com/FUS-Rabat/w595/,FUS-Rabat,0,2026-07-23
Hassania Agadir,Morocco,w592,https://www.soccer-rating.com/Hassania-Agadir/w592/,Hassania-Agadir,0,2026-07-23
Ittihad Tanger,Morocco,w2498,https://www.soccer-rating.com/Ittihad-Tanger/w2498/,Ittihad-Tanger,0,2026-07-23
JSM Massira,Morocco,w601,https://www.soccer-rating.com/JSM-Massira/w601/,JSM-Massira,0,2026-07-23
Kawkab Marrakech,Morocco,w599,https://www.soccer-rating.com/Kawkab-Marrakech/w599/,Kawkab-Marrakech,0,2026-07-23
MAS Maghrib Fes,Morocco,w591,https://www.soccer-rating.com/MAS-Maghrib-Fes/w591/,MAS-Maghrib-Fes,0,2026-07-23
Olympique Dcheira,Morocco,w4740,https://www.soccer-rating.com/Olympique-Dcheira/w4740/,Olympique-Dcheira,0,2026-07-23
Olympique Safi,Morocco,w596,https://www.soccer-rating.com/Olympique-Safi/w596/,Olympique-Safi,0,2026-07-23
RSB Berkane,Morocco,w2499,https://www.soccer-rating.com/RSB-Berkane/w2499/,RSB-Berkane,0,2026-07-23
Raja Casablanca,Morocco,w603,https://www.soccer-rating.com/Raja-Casablanca/w603/,Raja-Casablanca,0,2026-07-23
Renaissance Zemamra,Morocco,w6831,https://www.soccer-rating.com/Renaissance-Zemamra/w6831/,Renaissance-Zemamra,0,2026-07-23
US Amal Tiznit,Morocco,w5322,https://www.soccer-rating.com/US-Amal-Tiznit/w5322/,US-Amal-Tiznit,0,2026-07-23
US Yacoub Mansour,Morocco,w16665,https://www.soccer-rating.com/US-Yacoub-Mansour/w16665/,US-Yacoub-Mansour,0,2026-07-23
Union de Touarga,Morocco,w7681,https://www.soccer-rating.com/Union-de-Touarga/w7681/,Union-de-Touarga,0,2026-07-23
Wydad Casablanca,Morocco,w590,https://www.soccer-rating.com/Wydad-Casablanca/w590/,Wydad-Casablanca,0,2026-07-23
ADO Den Haag,Netherlands,939,https://www.soccer-rating.com/ADO-Den-Haag/939/,ADO-Den-Haag,0,2026-07-23
AZ Alkmaar,Netherlands,805,https://www.soccer-rating.com/AZ-Alkmaar/805/,AZ-Alkmaar,0,2026-07-23
Ajax Amsterdam,Netherlands,814,https://www.soccer-rating.com/Ajax-Amsterdam/814/,Ajax-Amsterdam,0,2026-07-23
Excelsior Rotterdam,Netherlands,807,https://www.soccer-rating.com/Excelsior-Rotterdam/807/,Excelsior-Rotterdam,0,2026-07-23
FC Groningen,Netherlands,810,https://www.soccer-rating.com/FC-Groningen/810/,FC-Groningen,0,2026-07-23
FC Twente Enschede,Netherlands,808,https://www.soccer-rating.com/FC-Twente-Enschede/808/,FC-Twente-Enschede,0,2026-07-23
FC Utrecht,Netherlands,815,https://www.soccer-rating.com/FC-Utrecht/815/,FC-Utrecht,0,2026-07-23
FC Volendam,Netherlands,944,https://www.soccer-rating.com/FC-Volendam/944/,FC-Volendam,0,2026-07-23
FC Zwolle,Netherlands,937,https://www.soccer-rating.com/FC-Zwolle/937/,FC-Zwolle,0,2026-07-23
Feyenoord Rotterdam,Netherlands,816,https://www.soccer-rating.com/Feyenoord-Rotterdam/816/,Feyenoord-Rotterdam,0,2026-07-23
Fortuna Sittard,Netherlands,941,https://www.soccer-rating.com/Fortuna-Sittard/941/,Fortuna-Sittard,0,2026-07-23
Go Ahead Eagles,Netherlands,934,https://www.soccer-rating.com/Go-Ahead-Eagles/934/,Go-Ahead-Eagles,0,2026-07-23
Heracles Almelo,Netherlands,817,https://www.soccer-rating.com/Heracles-Almelo/817/,Heracles-Almelo,0,2026-07-23
Leeuwarden Cambuur,Netherlands,928,https://www.soccer-rating.com/Leeuwarden-Cambuur/928/,Leeuwarden-Cambuur,0,2026-07-23
NAC Breda,Netherlands,809,https://www.soccer-rating.com/NAC-Breda/809/,NAC-Breda,0,2026-07-23
NEC Nijmegen,Netherlands,811,https://www.soccer-rating.com/NEC-Nijmegen/811/,NEC-Nijmegen,0,2026-07-23
PSV Eindhoven,Netherlands,818,https://www.soccer-rating.com/PSV-Eindhoven/818/,PSV-Eindhoven,0,2026-07-23
SC Heerenveen,Netherlands,803,https://www.soccer-rating.com/SC-Heerenveen/803/,SC-Heerenveen,0,2026-07-23
Sparta Rotterdam,Netherlands,819,https://www.soccer-rating.com/Sparta-Rotterdam/819/,Sparta-Rotterdam,0,2026-07-23
Stormvogels/Telstar,Netherlands,931,https://www.soccer-rating.com/Stormvogels-Telstar/931/,Stormvogels-Telstar,0,2026-07-23
Willem II Tilburg,Netherlands,804,https://www.soccer-rating.com/Willem-II-Tilburg/804/,Willem-II-Tilburg,0,2026-07-23
CS 2 de Mayo,Paraguay,w187,https://www.soccer-rating.com/CS-2-de-Mayo/w187/,CS-2-de-Mayo,0,2026-07-23
Cerro Porteño,Paraguay,w185,https://www.soccer-rating.com/Cerro-Porte-o/w185/,Cerro-Porte-o,0,2026-07-23
Deportivo Recoleta,Paraguay,w11597,https://www.soccer-rating.com/Deportivo-Recoleta/w11597/,Deportivo-Recoleta,0,2026-07-23
Guarani,Paraguay,w189,https://www.soccer-rating.com/Guarani/w189/,Guarani,0,2026-07-23
Libertad Asuncion,Paraguay,w188,https://www.soccer-rating.com/Libertad-Asuncion/w188/,Libertad-Asuncion,0,2026-07-23
Nacional Asuncion,Paraguay,w135,https://www.soccer-rating.com/Nacional-Asuncion/w135/,Nacional-Asuncion,0,2026-07-23
Olimpia Asuncion,Paraguay,w190,https://www.soccer-rating.com/Olimpia-Asuncion/w190/,Olimpia-Asuncion,0,2026-07-23
Recoleta FC,Paraguay,w17896,https://www.soccer-rating.com/Recoleta-FC/w17896/,Recoleta-FC,0,2026-07-23
Rubio Nu,Paraguay,w168,https://www.soccer-rating.com/Rubio-Nu/w168/,Rubio-Nu,0,2026-07-23
Sportivo Ameliano,Paraguay,w11129,https://www.soccer-rating.com/Sportivo-Ameliano/w11129/,Sportivo-Ameliano,0,2026-07-23
Sportivo Luqueño,Paraguay,w136,https://www.soccer-rating.com/Sportivo-Luque-o/w136/,Sportivo-Luque-o,0,2026-07-23
Sportivo San Lorenzo,Paraguay,w4343,https://www.soccer-rating.com/Sportivo-San-Lorenzo/w4343/,Sportivo-San-Lorenzo,0,2026-07-23
Sportivo Trinidense,Paraguay,w517,https://www.soccer-rating.com/Sportivo-Trinidense/w517/,Sportivo-Trinidense,0,2026-07-23
ADT Tarma,Peru,w13097,https://www.soccer-rating.com/ADT-Tarma/w13097/,ADT-Tarma,0,2026-07-23
Alianza Atletico,Peru,w105,https://www.soccer-rating.com/Alianza-Atletico/w105/,Alianza-Atletico,0,2026-07-23
Alianza Lima,Peru,w112,https://www.soccer-rating.com/Alianza-Lima/w112/,Alianza-Lima,0,2026-07-23
Atletico Grau,Peru,w9140,https://www.soccer-rating.com/Atletico-Grau/w9140/,Atletico-Grau,0,2026-07-23
CD Los Chankas,Peru,w9151,https://www.soccer-rating.com/CD-Los-Chankas/w9151/,CD-Los-Chankas,0,2026-07-23
Cienciano Cuzco,Peru,w107,https://www.soccer-rating.com/Cienciano-Cuzco/w107/,Cienciano-Cuzco,0,2026-07-23
Comerciantes Unidos,Peru,w4916,https://www.soccer-rating.com/Comerciantes-Unidos/w4916/,Comerciantes-Unidos,0,2026-07-23
Cusco FC,Peru,w2627,https://www.soccer-rating.com/Cusco-FC/w2627/,Cusco-FC,0,2026-07-23
Deportivo Garcilaso,Peru,w14873,https://www.soccer-rating.com/Deportivo-Garcilaso/w14873/,Deportivo-Garcilaso,0,2026-07-23
FBC Melgar,Peru,w116,https://www.soccer-rating.com/FBC-Melgar/w116/,FBC-Melgar,0,2026-07-23
FC Cajamarca,Peru,w17004,https://www.soccer-rating.com/FC-Cajamarca/w17004/,FC-Cajamarca,0,2026-07-23
Juan Pablo II,Peru,w15803,https://www.soccer-rating.com/Juan-Pablo-II/w15803/,Juan-Pablo-II,0,2026-07-23
Sport Boys Association,Peru,w744,https://www.soccer-rating.com/Sport-Boys-Association/w744/,Sport-Boys-Association,0,2026-07-23
Sport Huancayo,Peru,w120,https://www.soccer-rating.com/Sport-Huancayo/w120/,Sport-Huancayo,0,2026-07-23
Sporting Cristal,Peru,w113,https://www.soccer-rating.com/Sporting-Cristal/w113/,Sporting-Cristal,0,2026-07-23
UCV Moquegua,Peru,w16134,https://www.soccer-rating.com/UCV-Moquegua/w16134/,UCV-Moquegua,0,2026-07-23
UTC Cajamarca,Peru,w3353,https://www.soccer-rating.com/UTC-Cajamarca/w3353/,UTC-Cajamarca,0,2026-07-23
Universitario De Deportes,Peru,w119,https://www.soccer-rating.com/Universitario-De-Deportes/w119/,Universitario-De-Deportes,0,2026-07-23
AVS Futebol,Portugal,1091,https://www.soccer-rating.com/AVS-Futebol/1091/,AVS-Futebol,0,2026-07-23
Benfica Lisboa,Portugal,1076,https://www.soccer-rating.com/Benfica-Lisboa/1076/,Benfica-Lisboa,0,2026-07-23
CD Tondela,Portugal,6014,https://www.soccer-rating.com/CD-Tondela/6014/,CD-Tondela,0,2026-07-23
CF Estrela,Portugal,1080,https://www.soccer-rating.com/CF-Estrela/1080/,CF-Estrela,0,2026-07-23
Casa Pia AC,Portugal,6011,https://www.soccer-rating.com/Casa-Pia-AC/6011/,Casa-Pia-AC,0,2026-07-23
Estoril Praia,Portugal,1098,https://www.soccer-rating.com/Estoril-Praia/1098/,Estoril-Praia,0,2026-07-23
FC Alverca,Portugal,13720,https://www.soccer-rating.com/FC-Alverca/13720/,FC-Alverca,0,2026-07-23
FC Arouca,Portugal,4202,https://www.soccer-rating.com/FC-Arouca/4202/,FC-Arouca,0,2026-07-23
FC Famalicao,Portugal,7558,https://www.soccer-rating.com/FC-Famalicao/7558/,FC-Famalicao,0,2026-07-23
FC Porto,Portugal,1084,https://www.soccer-rating.com/FC-Porto/1084/,FC-Porto,0,2026-07-23
Gil Vicente,Portugal,1097,https://www.soccer-rating.com/Gil-Vicente/1097/,Gil-Vicente,0,2026-07-23
Moreirense FC,Portugal,2872,https://www.soccer-rating.com/Moreirense-FC/2872/,Moreirense-FC,0,2026-07-23
Nacional Madeira,Portugal,1079,https://www.soccer-rating.com/Nacional-Madeira/1079/,Nacional-Madeira,0,2026-07-23
Rio Ave,Portugal,1100,https://www.soccer-rating.com/Rio-Ave/1100/,Rio-Ave,0,2026-07-23
Santa Clara,Portugal,1103,https://www.soccer-rating.com/Santa-Clara/1103/,Santa-Clara,0,2026-07-23
Sporting Braga,Portugal,1083,https://www.soccer-rating.com/Sporting-Braga/1083/,Sporting-Braga,0,2026-07-23
Sporting Lisboa,Portugal,1085,https://www.soccer-rating.com/Sporting-Lisboa/1085/,Sporting-Lisboa,0,2026-07-23
Vitoria Guimaraes,Portugal,1089,https://www.soccer-rating.com/Vitoria-Guimaraes/1089/,Vitoria-Guimaraes,0,2026-07-23
Al Ahli Jeddah,Saudi-arabia,w267,https://www.soccer-rating.com/Al-Ahli-Jeddah/w267/,Al-Ahli-Jeddah,0,2026-07-23
Al Akhdoud,Saudi-arabia,w9581,https://www.soccer-rating.com/Al-Akhdoud/w9581/,Al-Akhdoud,0,2026-07-23
Al Fateh,Saudi-arabia,w263,https://www.soccer-rating.com/Al-Fateh/w263/,Al-Fateh,0,2026-07-23
Al Feiha,Saudi-arabia,w4098,https://www.soccer-rating.com/Al-Feiha/w4098/,Al-Feiha,0,2026-07-23
Al Hazem FC,Saudi-arabia,w261,https://www.soccer-rating.com/Al-Hazem-FC/w261/,Al-Hazem-FC,0,2026-07-23
Al Hilal Riyadh,Saudi-arabia,w258,https://www.soccer-rating.com/Al-Hilal-Riyadh/w258/,Al-Hilal-Riyadh,0,2026-07-23
Al Ittifaq Dammam,Saudi-arabia,w269,https://www.soccer-rating.com/Al-Ittifaq-Dammam/w269/,Al-Ittifaq-Dammam,0,2026-07-23
Al Ittihad Jeddah,Saudi-arabia,w266,https://www.soccer-rating.com/Al-Ittihad-Jeddah/w266/,Al-Ittihad-Jeddah,0,2026-07-23
Al Khaleej Saihat,Saudi-arabia,w2494,https://www.soccer-rating.com/Al-Khaleej-Saihat/w2494/,Al-Khaleej-Saihat,0,2026-07-23
Al Kholood,Saudi-arabia,w12351,https://www.soccer-rating.com/Al-Kholood/w12351/,Al-Kholood,0,2026-07-23
Al Najma,Saudi-arabia,w3119,https://www.soccer-rating.com/Al-Najma/w3119/,Al-Najma,0,2026-07-23
Al Nasr Riyadh,Saudi-arabia,w262,https://www.soccer-rating.com/Al-Nasr-Riyadh/w262/,Al-Nasr-Riyadh,0,2026-07-23
Al Qadisiya,Saudi-arabia,w268,https://www.soccer-rating.com/Al-Qadisiya/w268/,Al-Qadisiya,0,2026-07-23
Al Riyadh SC,Saudi-arabia,w1849,https://www.soccer-rating.com/Al-Riyadh-SC/w1849/,Al-Riyadh-SC,0,2026-07-23
Al Shabab Riyadh,Saudi-arabia,w259,https://www.soccer-rating.com/Al-Shabab-Riyadh/w259/,Al-Shabab-Riyadh,0,2026-07-23
Al Taawon,Saudi-arabia,w1634,https://www.soccer-rating.com/Al-Taawon/w1634/,Al-Taawon,0,2026-07-23
Damac FC,Saudi-arabia,w2488,https://www.soccer-rating.com/Damac-FC/w2488/,Damac-FC,0,2026-07-23
NEOM SC,Saudi-arabia,w2492,https://www.soccer-rating.com/NEOM-SC/w2492/,NEOM-SC,0,2026-07-23
Amazulu Durban,South-africa,w197,https://www.soccer-rating.com/Amazulu-Durban/w197/,Amazulu-Durban,0,2026-07-23
Cape Town City FC,South-africa,w3844,https://www.soccer-rating.com/Cape-Town-City-FC/w3844/,Cape-Town-City-FC,0,2026-07-23
Chippa United,South-africa,w2815,https://www.soccer-rating.com/Chippa-United/w2815/,Chippa-United,0,2026-07-23
Durban City FC 2024,South-africa,w198,https://www.soccer-rating.com/Durban-City-FC-2024/w198/,Durban-City-FC-2024,0,2026-07-23
Golden Arrows,South-africa,w233,https://www.soccer-rating.com/Golden-Arrows/w233/,Golden-Arrows,0,2026-07-23
Kaizer Chiefs,South-africa,w200,https://www.soccer-rating.com/Kaizer-Chiefs/w200/,Kaizer-Chiefs,0,2026-07-23
Magesi FC,South-africa,w4970,https://www.soccer-rating.com/Magesi-FC/w4970/,Magesi-FC,0,2026-07-23
Mamelodi Sundowns,South-africa,w237,https://www.soccer-rating.com/Mamelodi-Sundowns/w237/,Mamelodi-Sundowns,0,2026-07-23
Marumo Gallants,South-africa,w3854,https://www.soccer-rating.com/Marumo-Gallants/w3854/,Marumo-Gallants,0,2026-07-23
Milford FC,South-africa,w4971,https://www.soccer-rating.com/Milford-FC/w4971/,Milford-FC,0,2026-07-23
Orbit College FC,South-africa,w7272,https://www.soccer-rating.com/Orbit-College-FC/w7272/,Orbit-College-FC,0,2026-07-23
Orlando Pirates,South-africa,w193,https://www.soccer-rating.com/Orlando-Pirates/w193/,Orlando-Pirates,0,2026-07-23
Polokwane City,South-africa,w3594,https://www.soccer-rating.com/Polokwane-City/w3594/,Polokwane-City,0,2026-07-23
Richards Bay FC,South-africa,w6837,https://www.soccer-rating.com/Richards-Bay-FC/w6837/,Richards-Bay-FC,0,2026-07-23
Sekhukhune United,South-africa,w10614,https://www.soccer-rating.com/Sekhukhune-United/w10614/,Sekhukhune-United,0,2026-07-23
Siwelele FC,South-africa,w17207,https://www.soccer-rating.com/Siwelele-FC/w17207/,Siwelele-FC,0,2026-07-23
Stellenbosch FC,South-africa,w1717,https://www.soccer-rating.com/Stellenbosch-FC/w1717/,Stellenbosch-FC,0,2026-07-23
TS Galaxy FC,South-africa,w7885,https://www.soccer-rating.com/TS-Galaxy-FC/w7885/,TS-Galaxy-FC,0,2026-07-23
Bucheon FC 1995,South-korea,w3452,https://www.soccer-rating.com/Bucheon-FC-1995/w3452/,Bucheon-FC-1995,0,2026-07-23
Daejeon Citizen,South-korea,w856,https://www.soccer-rating.com/Daejeon-Citizen/w856/,Daejeon-Citizen,0,2026-07-23
FC Anyang,South-korea,w2197,https://www.soccer-rating.com/FC-Anyang/w2197/,FC-Anyang,0,2026-07-23
FC Seoul,South-korea,w859,https://www.soccer-rating.com/FC-Seoul/w859/,FC-Seoul,0,2026-07-23
Gangwon FC,South-korea,w858,https://www.soccer-rating.com/Gangwon-FC/w858/,Gangwon-FC,0,2026-07-23
Gimcheon Sangmu FC,South-korea,w2019,https://www.soccer-rating.com/Gimcheon-Sangmu-FC/w2019/,Gimcheon-Sangmu-FC,0,2026-07-23
Gwangju FC,South-korea,w861,https://www.soccer-rating.com/Gwangju-FC/w861/,Gwangju-FC,0,2026-07-23
Incheon United,South-korea,w860,https://www.soccer-rating.com/Incheon-United/w860/,Incheon-United,0,2026-07-23
Jeju United,South-korea,w852,https://www.soccer-rating.com/Jeju-United/w852/,Jeju-United,0,2026-07-23
Jeonbuk Motors,South-korea,w224,https://www.soccer-rating.com/Jeonbuk-Motors/w224/,Jeonbuk-Motors,0,2026-07-23
Pohang Steelers,South-korea,w127,https://www.soccer-rating.com/Pohang-Steelers/w127/,Pohang-Steelers,0,2026-07-23
Ulsan Hyundai,South-korea,w863,https://www.soccer-rating.com/Ulsan-Hyundai/w863/,Ulsan-Hyundai,0,2026-07-23
Athletic Bilbao,Spain,1055,https://www.soccer-rating.com/Athletic-Bilbao/1055/,Athletic-Bilbao,0,2026-07-23
Atletico Madrid,Spain,1068,https://www.soccer-rating.com/Atletico-Madrid/1068/,Atletico-Madrid,0,2026-07-23
Betis Sevilla,Spain,1072,https://www.soccer-rating.com/Betis-Sevilla/1072/,Betis-Sevilla,0,2026-07-23
CA Osasuna,Spain,1056,https://www.soccer-rating.com/CA-Osasuna/1056/,CA-Osasuna,0,2026-07-23
CD Alaves,Spain,2111,https://www.soccer-rating.com/CD-Alaves/2111/,CD-Alaves,0,2026-07-23
Celta de Vigo,Spain,1039,https://www.soccer-rating.com/Celta-de-Vigo/1039/,Celta-de-Vigo,0,2026-07-23
Deportivo La Coruna,Spain,1057,https://www.soccer-rating.com/Deportivo-La-Coruna/1057/,Deportivo-La-Coruna,0,2026-07-23
Elche CF,Spain,1036,https://www.soccer-rating.com/Elche-CF/1036/,Elche-CF,0,2026-07-23
Espanyol Barcelona,Spain,1059,https://www.soccer-rating.com/Espanyol-Barcelona/1059/,Espanyol-Barcelona,0,2026-07-23
FC Barcelona,Spain,1064,https://www.soccer-rating.com/FC-Barcelona/1064/,FC-Barcelona,0,2026-07-23
FC Valencia,Spain,1073,https://www.soccer-rating.com/FC-Valencia/1073/,FC-Valencia,0,2026-07-23
Getafe CF,Spain,1062,https://www.soccer-rating.com/Getafe-CF/1062/,Getafe-CF,0,2026-07-23
Girona FC,Spain,2337,https://www.soccer-rating.com/Girona-FC/2337/,Girona-FC,0,2026-07-23
Malaga CF,Spain,1043,https://www.soccer-rating.com/Malaga-CF/1043/,Malaga-CF,0,2026-07-23
RCD Mallorca,Spain,1065,https://www.soccer-rating.com/RCD-Mallorca/1065/,RCD-Mallorca,0,2026-07-23
Racing Santander,Spain,1063,https://www.soccer-rating.com/Racing-Santander/1063/,Racing-Santander,0,2026-07-23
Rayo Vallecano,Spain,2303,https://www.soccer-rating.com/Rayo-Vallecano/2303/,Rayo-Vallecano,0,2026-07-23
Real Madrid,Spain,1067,https://www.soccer-rating.com/Real-Madrid/1067/,Real-Madrid,0,2026-07-23
Real Oviedo,Spain,4237,https://www.soccer-rating.com/Real-Oviedo/4237/,Real-Oviedo,0,2026-07-23
Real Sociedad,Spain,1049,https://www.soccer-rating.com/Real-Sociedad/1049/,Real-Sociedad,0,2026-07-23
Sevilla FC,Spain,1061,https://www.soccer-rating.com/Sevilla-FC/1061/,Sevilla-FC,0,2026-07-23
UD Levante Valencia,Spain,1066,https://www.soccer-rating.com/UD-Levante-Valencia/1066/,UD-Levante-Valencia,0,2026-07-23
Villarreal CF,Spain,1074,https://www.soccer-rating.com/Villarreal-CF/1074/,Villarreal-CF,0,2026-07-23
AS Gabes,Tunisia,w1489,https://www.soccer-rating.com/AS-Gabes/w1489/,AS-Gabes,0,2026-07-23
AS Marsa,Tunisia,w1488,https://www.soccer-rating.com/AS-Marsa/w1488/,AS-Marsa,0,2026-07-23
AS Slimane,Tunisia,w7103,https://www.soccer-rating.com/AS-Slimane/w7103/,AS-Slimane,0,2026-07-23
CA Bizertin,Tunisia,w625,https://www.soccer-rating.com/CA-Bizertin/w625/,CA-Bizertin,0,2026-07-23
CS Sfaxien,Tunisia,w619,https://www.soccer-rating.com/CS-Sfaxien/w619/,CS-Sfaxien,0,2026-07-23
Club Africain,Tunisia,w616,https://www.soccer-rating.com/Club-Africain/w616/,Club-Africain,0,2026-07-23
ES Metlaoui,Tunisia,w3637,https://www.soccer-rating.com/ES-Metlaoui/w3637/,ES-Metlaoui,0,2026-07-23
ES Zarzis,Tunisia,w620,https://www.soccer-rating.com/ES-Zarzis/w620/,ES-Zarzis,0,2026-07-23
Esperance Tunis,Tunisia,w627,https://www.soccer-rating.com/Esperance-Tunis/w627/,Esperance-Tunis,0,2026-07-23
Etoile Sahel,Tunisia,w629,https://www.soccer-rating.com/Etoile-Sahel/w629/,Etoile-Sahel,0,2026-07-23
JS Kairouan,Tunisia,w621,https://www.soccer-rating.com/JS-Kairouan/w621/,JS-Kairouan,0,2026-07-23
JS Omrane,Tunisia,w14828,https://www.soccer-rating.com/JS-Omrane/w14828/,JS-Omrane,0,2026-07-23
Olympique Beja,Tunisia,w626,https://www.soccer-rating.com/Olympique-Beja/w626/,Olympique-Beja,0,2026-07-23
Stade Tunisien,Tunisia,w628,https://www.soccer-rating.com/Stade-Tunisien/w628/,Stade-Tunisien,0,2026-07-23
US Ben Guerdane,Tunisia,w4778,https://www.soccer-rating.com/US-Ben-Guerdane/w4778/,US-Ben-Guerdane,0,2026-07-23
US Monastir,Tunisia,w624,https://www.soccer-rating.com/US-Monastir/w624/,US-Monastir,0,2026-07-23
Atlanta United,USA,w6293,https://www.soccer-rating.com/Atlanta-United/w6293/,Atlanta-United,0,2026-07-23
Austin FC,USA,w11002,https://www.soccer-rating.com/Austin-FC/w11002/,Austin-FC,0,2026-07-23
Birmingham Legion FC,USA,w8931,https://www.soccer-rating.com/Birmingham-Legion-FC/w8931/,Birmingham-Legion-FC,0,2026-07-23
Brooklyn FC,USA,w17679,https://www.soccer-rating.com/Brooklyn-FC/w17679/,Brooklyn-FC,0,2026-07-23
CF Montreal,USA,w1126,https://www.soccer-rating.com/CF-Montreal/w1126/,CF-Montreal,0,2026-07-23
Charleston Battery,USA,w1570,https://www.soccer-rating.com/Charleston-Battery/w1570/,Charleston-Battery,0,2026-07-23
Charlotte FC,USA,w13732,https://www.soccer-rating.com/Charlotte-FC/w13732/,Charlotte-FC,0,2026-07-23
Chicago Fire,USA,w980,https://www.soccer-rating.com/Chicago-Fire/w980/,Chicago-Fire,0,2026-07-23
Colorado Rapids,USA,w974,https://www.soccer-rating.com/Colorado-Rapids/w974/,Colorado-Rapids,0,2026-07-23
Colorado Springs Switchbacks FC,USA,w4512,https://www.soccer-rating.com/Colorado-Springs-Switchbacks-FC/w4512/,Colorado-Springs-Switchbacks-FC,0,2026-07-23
Columbus Crew,USA,w847,https://www.soccer-rating.com/Columbus-Crew/w847/,Columbus-Crew,0,2026-07-23
D.C. United,USA,w982,https://www.soccer-rating.com/D-C-United/w982/,D-C-United,0,2026-07-23
Detroit City FC,USA,w7658,https://www.soccer-rating.com/Detroit-City-FC/w7658/,Detroit-City-FC,0,2026-07-23
El Paso Locomotive FC,USA,w8928,https://www.soccer-rating.com/El-Paso-Locomotive-FC/w8928/,El-Paso-Locomotive-FC,0,2026-07-23
FC Cincinnati,USA,w5008,https://www.soccer-rating.com/FC-Cincinnati/w5008/,FC-Cincinnati,0,2026-07-23
FC Dallas,USA,w977,https://www.soccer-rating.com/FC-Dallas/w977/,FC-Dallas,0,2026-07-23
FC Tulsa,USA,w4496,https://www.soccer-rating.com/FC-Tulsa/w4496/,FC-Tulsa,0,2026-07-23
Hartford Athletic,USA,w8930,https://www.soccer-rating.com/Hartford-Athletic/w8930/,Hartford-Athletic,0,2026-07-23
Houston Dynamo,USA,w978,https://www.soccer-rating.com/Houston-Dynamo/w978/,Houston-Dynamo,0,2026-07-23
Indy Eleven,USA,w3948,https://www.soccer-rating.com/Indy-Eleven/w3948/,Indy-Eleven,0,2026-07-23
Inter Miami CF,USA,w9862,https://www.soccer-rating.com/Inter-Miami-CF/w9862/,Inter-Miami-CF,0,2026-07-23
Las Vegas Lights,USA,w7490,https://www.soccer-rating.com/Las-Vegas-Lights/w7490/,Las-Vegas-Lights,0,2026-07-23
Lexington SC,USA,w15203,https://www.soccer-rating.com/Lexington-SC/w15203/,Lexington-SC,0,2026-07-23
Los Angeles FC,USA,w7376,https://www.soccer-rating.com/Los-Angeles-FC/w7376/,Los-Angeles-FC,0,2026-07-23
Los Angeles Galaxy,USA,w985,https://www.soccer-rating.com/Los-Angeles-Galaxy/w985/,Los-Angeles-Galaxy,0,2026-07-23
Loudoun United FC,USA,w8976,https://www.soccer-rating.com/Loudoun-United-FC/w8976/,Loudoun-United-FC,0,2026-07-23
Louisville City FC,USA,w4495,https://www.soccer-rating.com/Louisville-City-FC/w4495/,Louisville-City-FC,0,2026-07-23
Miami FC Blues,USA,w1128,https://www.soccer-rating.com/Miami-FC-Blues/w1128/,Miami-FC-Blues,0,2026-07-23
Minnesota United FC,USA,w1122,https://www.soccer-rating.com/Minnesota-United-FC/w1122/,Minnesota-United-FC,0,2026-07-23
Monterey Bay FC,USA,w13882,https://www.soccer-rating.com/Monterey-Bay-FC/w13882/,Monterey-Bay-FC,0,2026-07-23
Nashville SC,USA,w7456,https://www.soccer-rating.com/Nashville-SC/w7456/,Nashville-SC,0,2026-07-23
New England Revolution,USA,w986,https://www.soccer-rating.com/New-England-Revolution/w986/,New-England-Revolution,0,2026-07-23
New Mexico United,USA,w8932,https://www.soccer-rating.com/New-Mexico-United/w8932/,New-Mexico-United,0,2026-07-23
New York City FC,USA,w4435,https://www.soccer-rating.com/New-York-City-FC/w4435/,New-York-City-FC,0,2026-07-23
New York Red Bulls,USA,w979,https://www.soccer-rating.com/New-York-Red-Bulls/w979/,New-York-Red-Bulls,0,2026-07-23
Oakland Roots SC,USA,w10271,https://www.soccer-rating.com/Oakland-Roots-SC/w10271/,Oakland-Roots-SC,0,2026-07-23
Orange County Blues FC,USA,w3914,https://www.soccer-rating.com/Orange-County-Blues-FC/w3914/,Orange-County-Blues-FC,0,2026-07-23
Orlando City,USA,w3572,https://www.soccer-rating.com/Orlando-City/w3572/,Orlando-City,0,2026-07-23
Philadelphia Union,USA,w972,https://www.soccer-rating.com/Philadelphia-Union/w972/,Philadelphia-Union,0,2026-07-23
Phoenix Rising FC,USA,w3950,https://www.soccer-rating.com/Phoenix-Rising-FC/w3950/,Phoenix-Rising-FC,0,2026-07-23
Pittsburgh Riverhounds,USA,w1569,https://www.soccer-rating.com/Pittsburgh-Riverhounds/w1569/,Pittsburgh-Riverhounds,0,2026-07-23
Portland Timbers,USA,w1124,https://www.soccer-rating.com/Portland-Timbers/w1124/,Portland-Timbers,0,2026-07-23
Real Salt Lake,USA,w984,https://www.soccer-rating.com/Real-Salt-Lake/w984/,Real-Salt-Lake,0,2026-07-23
Rhode Island FC,USA,w16114,https://www.soccer-rating.com/Rhode-Island-FC/w16114/,Rhode-Island-FC,0,2026-07-23
Sacramento Republic FC,USA,w3923,https://www.soccer-rating.com/Sacramento-Republic-FC/w3923/,Sacramento-Republic-FC,0,2026-07-23
San Antonio FC,USA,w5025,https://www.soccer-rating.com/San-Antonio-FC/w5025/,San-Antonio-FC,0,2026-07-23
San Diego FC,USA,w16874,https://www.soccer-rating.com/San-Diego-FC/w16874/,San-Diego-FC,0,2026-07-23
San Jose Earthquakes,USA,w983,https://www.soccer-rating.com/San-Jose-Earthquakes/w983/,San-Jose-Earthquakes,0,2026-07-23
Seattle Sounders,USA,w971,https://www.soccer-rating.com/Seattle-Sounders/w971/,Seattle-Sounders,0,2026-07-23
Sporting Jax,USA,w17676,https://www.soccer-rating.com/Sporting-Jax/w17676/,Sporting-Jax,0,2026-07-23
Sporting Kansas City,USA,w981,https://www.soccer-rating.com/Sporting-Kansas-City/w981/,Sporting-Kansas-City,0,2026-07-23
St. Louis City SC,USA,w14988,https://www.soccer-rating.com/St-Louis-City-SC/w14988/,St-Louis-City-SC,0,2026-07-23
Tampa Bay Rowdies,USA,w1129,https://www.soccer-rating.com/Tampa-Bay-Rowdies/w1129/,Tampa-Bay-Rowdies,0,2026-07-23
Toronto FC,USA,w976,https://www.soccer-rating.com/Toronto-FC/w976/,Toronto-FC,0,2026-07-23
Vancouver Whitecaps,USA,w1125,https://www.soccer-rating.com/Vancouver-Whitecaps/w1125/,Vancouver-Whitecaps,0,2026-07-23
ℹ️ More Info,Uae,82,https://www.soccer-rating.com/Troms-IL/82/,Troms-IL,0,2026-07-23
ℹ️ More Info,Uae,1453,https://www.soccer-rating.com/Gornik-Zabrze/1453/,Gornik-Zabrze,0,2026-07-23
ℹ️ More Info,Uae,949,https://www.soccer-rating.com/FC-Aberdeen/949/,FC-Aberdeen,0,2026-07-23
ℹ️ More Info,Uae,1124,https://www.soccer-rating.com/FC-Lausanne-Sport/1124/,FC-Lausanne-Sport,0,2026-07-23
Albion FC,Uruguay,w10167,https://www.soccer-rating.com/Albion-FC/w10167/,Albion-FC,0,2026-07-23
Boston River,Uruguay,w5556,https://www.soccer-rating.com/Boston-River/w5556/,Boston-River,0,2026-07-23
CA Cerro,Uruguay,w147,https://www.soccer-rating.com/CA-Cerro/w147/,CA-Cerro,0,2026-07-23
CA Progreso Montevideo,Uruguay,w3050,https://www.soccer-rating.com/CA-Progreso-Montevideo/w3050/,CA-Progreso-Montevideo,0,2026-07-23
Central Español,Uruguay,w150,https://www.soccer-rating.com/Central-Espa-ol/w150/,Central-Espa-ol,0,2026-07-23
Cerro Largo,Uruguay,w148,https://www.soccer-rating.com/Cerro-Largo/w148/,Cerro-Largo,0,2026-07-23
Danubio,Uruguay,w149,https://www.soccer-rating.com/Danubio/w149/,Danubio,0,2026-07-23
Defensor Sporting,Uruguay,w160,https://www.soccer-rating.com/Defensor-Sporting/w160/,Defensor-Sporting,0,2026-07-23
Deportivo Maldonado,Uruguay,w9872,https://www.soccer-rating.com/Deportivo-Maldonado/w9872/,Deportivo-Maldonado,0,2026-07-23
Juventud Las Piedras,Uruguay,w3049,https://www.soccer-rating.com/Juventud-Las-Piedras/w3049/,Juventud-Las-Piedras,0,2026-07-23
Liverpool FC Montevideo,Uruguay,w151,https://www.soccer-rating.com/Liverpool-FC-Montevideo/w151/,Liverpool-FC-Montevideo,0,2026-07-23
Montevideo City,Uruguay,w7232,https://www.soccer-rating.com/Montevideo-City/w7232/,Montevideo-City,0,2026-07-23
Montevideo Wanderers,Uruguay,w162,https://www.soccer-rating.com/Montevideo-Wanderers/w162/,Montevideo-Wanderers,0,2026-07-23
Nacional Montevideo,Uruguay,w155,https://www.soccer-rating.com/Nacional-Montevideo/w155/,Nacional-Montevideo,0,2026-07-23
Penarol Montevideo,Uruguay,w156,https://www.soccer-rating.com/Penarol-Montevideo/w156/,Penarol-Montevideo,0,2026-07-23
Racing Montevideo,Uruguay,w152,https://www.soccer-rating.com/Racing-Montevideo/w152/,Racing-Montevideo,0,2026-07-23
Academia Puerto Cabello,Venezuela,w4725,https://www.soccer-rating.com/Academia-Puerto-Cabello/w4725/,Academia-Puerto-Cabello,0,2026-07-23
Carabobo Valencia,Venezuela,w165,https://www.soccer-rating.com/Carabobo-Valencia/w165/,Carabobo-Valencia,0,2026-07-23
Deportivo La Guaira,Venezuela,w163,https://www.soccer-rating.com/Deportivo-La-Guaira/w163/,Deportivo-La-Guaira,0,2026-07-23
Deportivo Tachira,Venezuela,w173,https://www.soccer-rating.com/Deportivo-Tachira/w173/,Deportivo-Tachira,0,2026-07-23
Estudiantes de Merida,Venezuela,w177,https://www.soccer-rating.com/Estudiantes-de-Merida/w177/,Estudiantes-de-Merida,0,2026-07-23
Metropolitanos,Venezuela,w4079,https://www.soccer-rating.com/Metropolitanos/w4079/,Metropolitanos,0,2026-07-23
Portuguesa FC,Venezuela,w3003,https://www.soccer-rating.com/Portuguesa-FC/w3003/,Portuguesa-FC,0,2026-07-23
UCV FC,Venezuela,w4671,https://www.soccer-rating.com/UCV-FC/w4671/,UCV-FC,0,2026-07-23
