Country,Codigo_Liga,Nome_Liga,URL_Liga,Data_Atualizacao
Algeria,Algeria,Algeria League 1 Ratings⚽ Smart predictions. Strategic betting.🔍,https://www.soccer-rating.com/Algeria/,2000-01-01
Argentina,AR2,Argentina Nacional B Ratings⚽ Smart predictions. Strategic betting.🔍,https://www.soccer-rating.com/Argentina/AR2/,2000-01-01
Argentina,AR3,Argentina Primera B Ratings⚽ Smart predictions. Strategic betting.🔍,https://www.soccer-rating.com/Argentina/AR3/,2000-01-01
Argentina,Argentina,Argentina Primera Division Ratings⚽ Smart predictions. Strategic betting.🔍,https://www.soccer-rating.com/Argentina/,2000-01-01
Australia,AU2Q,Australia Queensland Ratings⚽ Smart predictions. Strategic betting.🔍,https://www.soccer-rating.com/Australia/AU2Q/,2000-01-01
Australia,AU2V,Australia Victoria Ratings⚽ Smart predictions. Strategic betting.🔍,https://www.soccer-rating.com/Australia/AU2V/,2000-01-01
Australia,Australia,Australia A-League Ratings⚽ Smart predictions. Strategic betting.🔍,https://www.soccer-rating.com/Australia/,2000-01-01
Austria,AT2,Austria Erste Liga Ratings⚽ Smart predictions. Strategic betting.🔍,https://www.soccer-rating.com/Austria/AT2/,2000-01-01
Austria,Austria,Austria Bundesliga Ratings⚽ Smart predictions. Strategic betting.🔍,https://www.soccer-rating.com/Austria/,2000-01-01
Belgium,BE2,Belgium 1. Division B Ratings⚽ Smart predictions. Strategic betting.🔍,https://www.soccer-rating.com/Belgium/BE2/,2000-01-01
Belgium,BE3A,Belgium  Ratings⚽ Smart predictions. Strategic betting.🔍,https://www.soccer-rating.com/Belgium/BE3A/,2000-01-01
Belgium,BE3B,Belgium  Ratings⚽ Smart predictions. Strategic betting.🔍,https://www.soccer-rating.com/Belgium/BE3B/,2000-01-01
Belgium,Belgium,Belgium 1. Division A Ratings⚽ Smart predictions. Strategic betting.🔍,https://www.soccer-rating.com/Belgium/,2000-01-01
Bolivia,Bolivia,Bolivia Liga Profesional Ratings⚽ Smart predictions. Strategic betting.🔍,https://www.soccer-rating.com/Bolivia/,2000-01-01
Bosnia-herzegovina,BA2B,Bosnia-Herzegovina  Ratings⚽ Smart predictions. Strategic betting.🔍,https://www.soccer-rating.com/Bosnia-Herzegovina/BA2B/,2000-01-01
Bosnia-herzegovina,BA2S,Bosnia-Herzegovina  Ratings⚽ Smart predictions. Strategic betting.🔍,https://www.soccer-rating.com/Bosnia-Herzegovina/BA2S/,2000-01-01
Bosnia-herzegovina,Bosnia-Herzegovina,Bosnia-Herzegovina Premier Liga Ratings⚽ Smart predictions. Strategic betting.🔍,https://www.soccer-rating.com/Bosnia-Herzegovina/,2000-01-01
Brazil,BR2,Brazil Serie B Ratings⚽ Smart predictions. Strategic betting.🔍,https://www.soccer-rating.com/Brazil/BR2/,2000-01-01
Brazil,BR3,Brazil Serie C Ratings⚽ Smart predictions. Strategic betting.🔍,https://www.soccer-rating.com/Brazil/BR3/,2000-01-01
Brazil,BR4,Brazil Serie D Ratings⚽ Smart predictions. Strategic betting.🔍,https://www.soccer-rating.com/Brazil/BR4/,2000-01-01
Brazil,Brazil,Brazil Serie A Ratings⚽ Smart predictions. Strategic betting.🔍,https://www.soccer-rating.com/Brazil/,2000-01-01
Bulgaria,BG2,Bulgaria B PFG Ratings⚽ Smart predictions. Strategic betting.🔍,https://www.soccer-rating.com/Bulgaria/BG2/,2000-01-01
Bulgaria,Bulgaria,Bulgaria A PFG Ratings⚽ Smart predictions. Strategic betting.🔍,https://www.soccer-rating.com/Bulgaria/,2000-01-01
Canada,Canada,Canada Canadian Premier League Ratings⚽ Smart predictions. Strategic betting.🔍,https://www.soccer-rating.com/Canada/,2000-01-01
Chile,CL2,Chile Primera B Ratings⚽ Smart predictions. Strategic betting.🔍,https://www.soccer-rating.com/Chile/CL2/,2000-01-01
Chile,Chile,Chile Primera Division Ratings⚽ Smart predictions. Strategic betting.🔍,https://www.soccer-rating.com/Chile/,2000-01-01
China,CN2,China League One Ratings⚽ Smart predictions. Strategic betting.🔍,https://www.soccer-rating.com/China/CN2/,2000-01-01
China,CN3,China League Two Ratings⚽ Smart predictions. Strategic betting.🔍,https://www.soccer-rating.com/China/CN3/,2000-01-01
China,China,China Super League Ratings⚽ Smart predictions. Strategic betting.🔍,https://www.soccer-rating.com/China/,2000-01-01
Colombia,CO2,Colombia Primera B Ratings⚽ Smart predictions. Strategic betting.🔍,https://www.soccer-rating.com/Colombia/CO2/,2000-01-01
Colombia,Colombia,Colombia Primera A Ratings⚽ Smart predictions. Strategic betting.🔍,https://www.soccer-rating.com/Colombia/,2000-01-01
Costa-rica,Costa-Rica,Costa Rica Primera Division Ratings⚽ Smart predictions. Strategic betting.🔍,https://www.soccer-rating.com/Costa-Rica/,2000-01-01
Croatia,Croatia,Croatia 1. HNL Ratings⚽ Smart predictions. Strategic betting.🔍,https://www.soccer-rating.com/Croatia/,2000-01-01
Croatia,HR2,Croatia 2. HNL Ratings⚽ Smart predictions. Strategic betting.🔍,https://www.soccer-rating.com/Croatia/HR2/,2000-01-01
Cyprus,CY2,Cyprus  Ratings⚽ Smart predictions. Strategic betting.🔍,https://www.soccer-rating.com/Cyprus/CY2/,2000-01-01
Cyprus,Cyprus,Cyprus 1. Division Ratings⚽ Smart predictions. Strategic betting.🔍,https://www.soccer-rating.com/Cyprus/,2000-01-01
Czech-republic,CZ2,Czech Republic Druha Liga Ratings⚽ Smart predictions. Strategic betting.🔍,https://www.soccer-rating.com/Czech-Republic/CZ2/,2000-01-01
Czech-republic,CZ3G1,Czech Republic Ceska Fotbalova Liga A Ratings,https://www.soccer-rating.com/Czech-Republic/CZ3G1/,2000-01-01
Czech-republic,Czech-Republic,Czech Republic Gambrinus Liga Ratings⚽ Smart predictions. Strategic betting.🔍,https://www.soccer-rating.com/Czech-Republic/,2000-01-01
Denmark,DK2,Denmark 1. Divison Ratings⚽ Smart predictions. Strategic betting.🔍,https://www.soccer-rating.com/Denmark/DK2/,2000-01-01
Denmark,DK3,Denmark 2. Divison Ratings⚽ Smart predictions. Strategic betting.🔍,https://www.soccer-rating.com/Denmark/DK3/,2000-01-01
Denmark,DK4,Denmark 3. Divison Ratings⚽ Smart predictions. Strategic betting.🔍,https://www.soccer-rating.com/Denmark/DK4/,2000-01-01
Denmark,Denmark,Denmark Superligaen Ratings⚽ Smart predictions. Strategic betting.🔍,https://www.soccer-rating.com/Denmark/,2000-01-01
Ecuador,EC2,Ecuador Primera B Ratings⚽ Smart predictions. Strategic betting.🔍,https://www.soccer-rating.com/Ecuador/EC2/,2000-01-01
Ecuador,Ecuador,Ecuador Primera A Ratings⚽ Smart predictions. Strategic betting.🔍,https://www.soccer-rating.com/Ecuador/,2000-01-01
Egypt,EG2,Egypt  Ratings⚽ Smart predictions. Strategic betting.🔍,https://www.soccer-rating.com/Egypt/EG2/,2000-01-01
Egypt,Egypt,Egypt Premier League Ratings⚽ Smart predictions. Strategic betting.🔍,https://www.soccer-rating.com/Egypt/,2000-01-01
England,England,England Premier League Ratings⚽ Smart predictions. Strategic betting.🔍,https://www.soccer-rating.com/England/,2000-01-01
England,UK2,England Championship Ratings⚽ Smart predictions. Strategic betting.🔍,https://www.soccer-rating.com/England/UK2/,2000-01-01
England,UK3,England League One Ratings⚽ Smart predictions. Strategic betting.🔍,https://www.soccer-rating.com/England/UK3/,2000-01-01
England,UK4,England League Two Ratings⚽ Smart predictions. Strategic betting.🔍,https://www.soccer-rating.com/England/UK4/,2000-01-01
England,UK5,England National League Ratings⚽ Smart predictions. Strategic betting.🔍,https://www.soccer-rating.com/England/UK5/,2000-01-01
Estonia,EE2,Estonia Esiliiga Ratings⚽ Smart predictions. Strategic betting.🔍,https://www.soccer-rating.com/Estonia/EE2/,2000-01-01
Estonia,Estonia,Estonia Meistriliiga Ratings⚽ Smart predictions. Strategic betting.🔍,https://www.soccer-rating.com/Estonia/,2000-01-01
Finland,FI2,Finland Ykkösliiga Ratings⚽ Smart predictions. Strategic betting.🔍,https://www.soccer-rating.com/Finland/FI2/,2000-01-01
Finland,FI3,Finland Ykkönen Ratings⚽ Smart predictions. Strategic betting.🔍,https://www.soccer-rating.com/Finland/FI3/,2000-01-01
Finland,FI4A,Finland Kakkonen A Ratings⚽ Smart predictions. Strategic betting.🔍,https://www.soccer-rating.com/Finland/FI4A/,2000-01-01
Finland,FI4B,Finland Kakkonen B Ratings⚽ Smart predictions. Strategic betting.🔍,https://www.soccer-rating.com/Finland/FI4B/,2000-01-01
Finland,FI4C,Finland Kakkonen C Ratings⚽ Smart predictions. Strategic betting.🔍,https://www.soccer-rating.com/Finland/FI4C/,2000-01-01
Finland,Finland,Finland Veikkausliiga Ratings⚽ Smart predictions. Strategic betting.🔍,https://www.soccer-rating.com/Finland/,2000-01-01
France,FR2,France Ligue 2 Ratings⚽ Smart predictions. Strategic betting.🔍,https://www.soccer-rating.com/France/FR2/,2000-01-01
France,FR3,France National Ratings⚽ Smart predictions. Strategic betting.🔍,https://www.soccer-rating.com/France/FR3/,2000-01-01
France,France,France Ligue 1 Ratings⚽ Smart predictions. Strategic betting.🔍,https://www.soccer-rating.com/France/,2000-01-01
Germany,DE2,Germany 2. Bundesliga Ratings⚽ Smart predictions. Strategic betting.🔍,https://www.soccer-rating.com/Germany/DE2/,2000-01-01
Germany,DE3,Germany 3. Liga Ratings⚽ Smart predictions. Strategic betting.🔍,https://www.soccer-rating.com/Germany/DE3/,2000-01-01
Germany,GE2,Germany Erovnuli Liga 2 Ratings⚽ Smart predictions. Strategic betting.🔍,https://www.soccer-rating.com/Germany/GE2/,2000-01-01
Germany,Germany,Germany 1. Bundesliga Ratings⚽ Smart predictions. Strategic betting.🔍,https://www.soccer-rating.com/Germany/,2000-01-01
Greece,GR2,Greece Super League 2 Ratings⚽ Smart predictions. Strategic betting.🔍,https://www.soccer-rating.com/Greece/GR2/,2000-01-01
Greece,Greece,Greece Super League Ratings⚽ Smart predictions. Strategic betting.🔍,https://www.soccer-rating.com/Greece/,2000-01-01
Guatemala,Guatemala,Guatemala Liga Nacional Ratings⚽ Smart predictions. Strategic betting.🔍,https://www.soccer-rating.com/Guatemala/,2000-01-01
Honduras,Honduras,Honduras Liga Nacional Ratings⚽ Smart predictions. Strategic betting.🔍,https://www.soccer-rating.com/Honduras/,2000-01-01
Hungary,HU2,Hungary NB II Ratings⚽ Smart predictions. Strategic betting.🔍,https://www.soccer-rating.com/Hungary/HU2/,2000-01-01
Hungary,Hungary,Hungary Soproni Liga Ratings⚽ Smart predictions. Strategic betting.🔍,https://www.soccer-rating.com/Hungary/,2000-01-01
Iceland,IS2,Iceland 1. Deild Ratings⚽ Smart predictions. Strategic betting.🔍,https://www.soccer-rating.com/Iceland/IS2/,2000-01-01
Iceland,IS3,Iceland 2. Deild Ratings⚽ Smart predictions. Strategic betting.🔍,https://www.soccer-rating.com/Iceland/IS3/,2000-01-01
Iceland,IS4,Iceland 3. Deild Ratings⚽ Smart predictions. Strategic betting.🔍,https://www.soccer-rating.com/Iceland/IS4/,2000-01-01
Iceland,Iceland,Iceland Landsbankadeild Ratings⚽ Smart predictions. Strategic betting.🔍,https://www.soccer-rating.com/Iceland/,2000-01-01
Ireland,IR2,Ireland Eircom 1. Divison Ratings⚽ Smart predictions. Strategic betting.🔍,https://www.soccer-rating.com/Ireland/IR2/,2000-01-01
Ireland,Ireland,Ireland Eircom Premier Divison Ratings⚽ Smart predictions. Strategic betting.🔍,https://www.soccer-rating.com/Ireland/,2000-01-01
Israel,IL2,Israel Ligat Leumit Ratings⚽ Smart predictions. Strategic betting.🔍,https://www.soccer-rating.com/Israel/IL2/,2000-01-01
Israel,Israel,Israel Ligat Ha´al Ratings⚽ Smart predictions. Strategic betting.🔍,https://www.soccer-rating.com/Israel/,2000-01-01
Italy,IT2,Italy Serie B Ratings⚽ Smart predictions. Strategic betting.🔍,https://www.soccer-rating.com/Italy/IT2/,2000-01-01
Italy,IT3A,Italy Lega Pro A Ratings⚽ Smart predictions. Strategic betting.🔍,https://www.soccer-rating.com/Italy/IT3A/,2000-01-01
Italy,IT3B,Italy Lega Pro B Ratings⚽ Smart predictions. Strategic betting.🔍,https://www.soccer-rating.com/Italy/IT3B/,2000-01-01
Italy,IT3C,Italy Lega Pro C Ratings⚽ Smart predictions. Strategic betting.🔍,https://www.soccer-rating.com/Italy/IT3C/,2000-01-01
Italy,Italy,Italy Serie A Ratings⚽ Smart predictions. Strategic betting.🔍,https://www.soccer-rating.com/Italy/,2000-01-01
Japan,JP2,Japan J2 League Ratings⚽ Smart predictions. Strategic betting.🔍,https://www.soccer-rating.com/Japan/JP2/,2000-01-01
Japan,JP3,Japan J3 League Ratings⚽ Smart predictions. Strategic betting.🔍,https://www.soccer-rating.com/Japan/JP3/,2000-01-01
Japan,Japan,Japan J League Ratings⚽ Smart predictions. Strategic betting.🔍,https://www.soccer-rating.com/Japan/,2000-01-01
Mexico,MX2,Mexico Liga de Expansion MX Ratings⚽ Smart predictions. Strategic betting.🔍,https://www.soccer-rating.com/Mexico/MX2/,2000-01-01
Mexico,MX3,Mexico  Ratings⚽ Smart predictions. Strategic betting.🔍,https://www.soccer-rating.com/Mexico/MX3/,2000-01-01
Mexico,MX4,Mexico  Ratings⚽ Smart predictions. Strategic betting.🔍,https://www.soccer-rating.com/Mexico/MX4/,2000-01-01
Mexico,Mexico,Mexico Liga MX Ratings⚽ Smart predictions. Strategic betting.🔍,https://www.soccer-rating.com/Mexico/,2000-01-01
Morocco,Morocco,Morocco Botola Pro Ratings⚽ Smart predictions. Strategic betting.🔍,https://www.soccer-rating.com/Morocco/,2000-01-01
Netherlands,NL2,Netherlands Eerste Divisie Ratings⚽ Smart predictions. Strategic betting.🔍,https://www.soccer-rating.com/Netherlands/NL2/,2000-01-01
Netherlands,NL3,Netherlands Tweede Divisie Ratings⚽ Smart predictions. Strategic betting.🔍,https://www.soccer-rating.com/Netherlands/NL3/,2000-01-01
Netherlands,Netherlands,Netherlands Eredivisie Ratings⚽ Smart predictions. Strategic betting.🔍,https://www.soccer-rating.com/Netherlands/,2000-01-01
Northern-ireland,NI2,Northern Ireland  Ratings⚽ Smart predictions. Strategic betting.🔍,https://www.soccer-rating.com/Northern-Ireland/NI2/,2000-01-01
Northern-ireland,Northern-Ireland,Northern Ireland Premier League Ratings⚽ Smart predictions. Strategic betting.🔍,https://www.soccer-rating.com/Northern-Ireland/,2000-01-01
Norway,NO2,Norway Adeccoligaen Ratings⚽ Smart predictions. Strategic betting.🔍,https://www.soccer-rating.com/Norway/NO2/,2000-01-01
Norway,NO3G1,Norway 2. Division Avd. 1 Ratings⚽ Smart predictions. Strategic betting.🔍,https://www.soccer-rating.com/Norway/NO3G1/,2000-01-01
Norway,NO3G2,Norway 2. Division Avd. 2 Ratings⚽ Smart predictions. Strategic betting.🔍,https://www.soccer-rating.com/Norway/NO3G2/,2000-01-01
Norway,Norway,Norway Tippeligaen Ratings⚽ Smart predictions. Strategic betting.🔍,https://www.soccer-rating.com/Norway/,2000-01-01
Paraguay,PY2,Paraguay  Ratings⚽ Smart predictions. Strategic betting.🔍,https://www.soccer-rating.com/Paraguay/PY2/,2000-01-01
Paraguay,Paraguay,Paraguay Divison Professional Ratings⚽ Smart predictions. Strategic betting.🔍,https://www.soccer-rating.com/Paraguay/,2000-01-01
Peru,PE2,Peru  Ratings⚽ Smart predictions. Strategic betting.🔍,https://www.soccer-rating.com/Peru/PE2/,2000-01-01
Peru,Peru,Peru Primera Division Ratings⚽ Smart predictions. Strategic betting.🔍,https://www.soccer-rating.com/Peru/,2000-01-01
Poland,PL2,Poland I Liga Ratings⚽ Smart predictions. Strategic betting.🔍,https://www.soccer-rating.com/Poland/PL2/,2000-01-01
Poland,PL3,Poland II Liga Ratings⚽ Smart predictions. Strategic betting.🔍,https://www.soccer-rating.com/Poland/PL3/,2000-01-01
Poland,Poland,Poland Ekstraklasa Ratings⚽ Smart predictions. Strategic betting.🔍,https://www.soccer-rating.com/Poland/,2000-01-01
Portugal,PT2,Portugal Liga de Honra Ratings⚽ Smart predictions. Strategic betting.🔍,https://www.soccer-rating.com/Portugal/PT2/,2000-01-01
Portugal,PT3,Portugal Liga 3 Ratings⚽ Smart predictions. Strategic betting.🔍,https://www.soccer-rating.com/Portugal/PT3/,2000-01-01
Portugal,Portugal,Portugal Super Liga Ratings⚽ Smart predictions. Strategic betting.🔍,https://www.soccer-rating.com/Portugal/,2000-01-01
Qatar,Qatar,Qatar Stars League Ratings⚽ Smart predictions. Strategic betting.🔍,https://www.soccer-rating.com/Qatar/,2000-01-01
Romania,RO2,Romania Liga II Ratings⚽ Smart predictions. Strategic betting.🔍,https://www.soccer-rating.com/Romania/RO2/,2000-01-01
Romania,Romania,Romania Liga I Ratings⚽ Smart predictions. Strategic betting.🔍,https://www.soccer-rating.com/Romania/,2000-01-01
Saudi-arabia,SA2,Saudi Arabia 1. Division Ratings⚽ Smart predictions. Strategic betting.🔍,https://www.soccer-rating.com/Saudi-Arabia/SA2/,2000-01-01
Saudi-arabia,Saudi-Arabia,Saudi Arabia Pro League Ratings⚽ Smart predictions. Strategic betting.🔍,https://www.soccer-rating.com/Saudi-Arabia/,2000-01-01
Scotland,SC2,Scotland Championship Ratings⚽ Smart predictions. Strategic betting.🔍,https://www.soccer-rating.com/Scotland/SC2/,2000-01-01
Scotland,SC3,Scotland League One Ratings⚽ Smart predictions. Strategic betting.🔍,https://www.soccer-rating.com/Scotland/SC3/,2000-01-01
Scotland,SC4,Scotland League Two Ratings⚽ Smart predictions. Strategic betting.🔍,https://www.soccer-rating.com/Scotland/SC4/,2000-01-01
Scotland,Scotland,Scotland Premier League Ratings⚽ Smart predictions. Strategic betting.🔍,https://www.soccer-rating.com/Scotland/,2000-01-01
Serbia,CS2,Serbia Prva Liga Ratings⚽ Smart predictions. Strategic betting.🔍,https://www.soccer-rating.com/Serbia/CS2/,2000-01-01
Serbia,Serbia,Serbia Super Liga Ratings⚽ Smart predictions. Strategic betting.🔍,https://www.soccer-rating.com/Serbia/,2000-01-01
Slovakia,Slovakia,Slovakia Corgon Liga Ratings⚽ Smart predictions. Strategic betting.🔍,https://www.soccer-rating.com/Slovakia/,2000-01-01
Slovenia,Slovenia,Slovenia Prva Liga Ratings⚽ Smart predictions. Strategic betting.🔍,https://www.soccer-rating.com/Slovenia/,2000-01-01
South-africa,South-Africa,South Africa Premier Soccer League Ratings,https://www.soccer-rating.com/South-Africa/,2000-01-01
South-africa,ZA2,South Africa National 1st Division Ratings,https://www.soccer-rating.com/South-Africa/ZA2/,2000-01-01
South-korea,KR2,South Korea K-League Challenge Ratings⚽ Smart predictions. Strategic betting.🔍,https://www.soccer-rating.com/South-Korea/KR2/,2000-01-01
South-korea,KR3,South Korea National League Ratings⚽ Smart predictions. Strategic betting.🔍,https://www.soccer-rating.com/South-Korea/KR3/,2000-01-01
South-korea,South-Korea,South Korea K-League Classic Ratings⚽ Smart predictions. Strategic betting.🔍,https://www.soccer-rating.com/South-Korea/,2000-01-01
Spain,ES2,Spain Segunda Division Ratings⚽ Smart predictions. Strategic betting.🔍,https://www.soccer-rating.com/Spain/ES2/,2000-01-01
Spain,ES3G1,Spain Segunda B 1 Ratings⚽ Smart predictions. Strategic betting.🔍,https://www.soccer-rating.com/Spain/ES3G1/,2000-01-01
Spain,ES3G2,Spain Segunda B 2 Ratings⚽ Smart predictions. Strategic betting.🔍,https://www.soccer-rating.com/Spain/ES3G2/,2000-01-01
Spain,SP2,Spain  Ratings⚽ Smart predictions. Strategic betting.🔍,https://www.soccer-rating.com/Spain/SP2/,2000-01-01
Spain,Spain,Spain Primera Division Ratings⚽ Smart predictions. Strategic betting.🔍,https://www.soccer-rating.com/Spain/,2000-01-01
Sweden,SW2,Sweden Superettan Ratings⚽ Smart predictions. Strategic betting.🔍,https://www.soccer-rating.com/Sweden/SW2/,2000-01-01
Sweden,SW3N,Sweden 1st Division Norra Ratings⚽ Smart predictions. Strategic betting.🔍,https://www.soccer-rating.com/Sweden/SW3N/,2000-01-01
Sweden,SW3S,Sweden 1st Division Södra Ratings⚽ Smart predictions. Strategic betting.🔍,https://www.soccer-rating.com/Sweden/SW3S/,2000-01-01
Sweden,Sweden,Sweden Allsvenskan Ratings⚽ Smart predictions. Strategic betting.🔍,https://www.soccer-rating.com/Sweden/,2000-01-01
Switzerland,CH2,Switzerland Challenge League Ratings⚽ Smart predictions. Strategic betting.🔍,https://www.soccer-rating.com/Switzerland/CH2/,2000-01-01
Switzerland,CH3,Switzerland 1. Liga Promotion Ratings⚽ Smart predictions. Strategic betting.🔍,https://www.soccer-rating.com/Switzerland/CH3/,2000-01-01
Switzerland,Switzerland,Switzerland Super League Ratings⚽ Smart predictions. Strategic betting.🔍,https://www.soccer-rating.com/Switzerland/,2000-01-01
Tunisia,Tunisia,Tunisia Ligue Professionnelle 1 Ratings⚽ Smart predictions. Strategic betting.🔍,https://www.soccer-rating.com/Tunisia/,2000-01-01
Turkey,TU2,Turkey TFF 1. League Ratings⚽ Smart predictions. Strategic betting.🔍,https://www.soccer-rating.com/Turkey/TU2/,2000-01-01
Turkey,TU3B,Turkey TFF 2. League - Beyaz Ratings⚽ Smart predictions. Strategic betting.🔍,https://www.soccer-rating.com/Turkey/TU3B/,2000-01-01
Turkey,TU3K,Turkey TFF 2. League - Kirmizi Ratings⚽ Smart predictions. Strategic betting.🔍,https://www.soccer-rating.com/Turkey/TU3K/,2000-01-01
Turkey,Turkey,Turkey Superliga Ratings⚽ Smart predictions. Strategic betting.🔍,https://www.soccer-rating.com/Turkey/,2000-01-01
USA,US2,USA USL Pro Ratings⚽ Smart predictions. Strategic betting.🔍,https://www.soccer-rating.com/USA/US2/,2000-01-01
USA,US3L,USA  Ratings⚽ Smart predictions. Strategic betting.🔍,https://www.soccer-rating.com/USA/US3L/,2000-01-01
USA,US3N,USA  Ratings⚽ Smart predictions. Strategic betting.🔍,https://www.soccer-rating.com/USA/US3N/,2000-01-01
USA,US3P,USA MLS Next Pro Ratings⚽ Smart predictions. Strategic betting.🔍,https://www.soccer-rating.com/USA/US3P/,2000-01-01
USA,USA,USA Major Soccer League Ratings⚽ Smart predictions. Strategic betting.🔍,https://www.soccer-rating.com/USA/,2000-01-01
Uae,UAE,Uae UAE Ratings,https://www.soccer-rating.com/UAE/,2000-01-01
Ukraine,UA2,Ukraine Persha Liga Ratings⚽ Smart predictions. Strategic betting.🔍,https://www.soccer-rating.com/Ukraine/UA2/,2000-01-01
Ukraine,Ukraine,Ukraine Vyscha Liga Ratings⚽ Smart predictions. Strategic betting.🔍,https://www.soccer-rating.com/Ukraine/,2000-01-01
Uruguay,UY2,Uruguay  Ratings⚽ Smart predictions. Strategic betting.🔍,https://www.soccer-rating.com/Uruguay/UY2/,2000-01-01
Uruguay,Uruguay,Uruguay Primera Division Ratings⚽ Smart predictions. Strategic betting.🔍,https://www.soccer-rating.com/Uruguay/,2000-01-01
Venezuela,VE2,Venezuela  Ratings⚽ Smart predictions. Strategic betting.🔍,https://www.soccer-rating.com/Venezuela/VE2/,2000-01-01
Venezuela,Venezuela,Venezuela Primera Division Ratings⚽ Smart predictions. Strategic betting.🔍,https://www.soccer-rating.com/Venezuela/,2000-01-01
Wales,Wales,Wales Premier League Ratings⚽ Smart predictions. Strategic betting.🔍,https://www.soccer-rating.com/Wales/,2000-01-01
